True_value,Prediction
[1152.9177],[1150.3514]
[831.645],[774.4622]
[1212.0516],[1227.6517]
[923.637],[914.9171]
[751.9873],[750.3756]
[1038.4753],[1031.6044]
[1111.878],[1115.6705]
[916.49335],[917.1259]
[857.666],[850.95166]
[968.408],[946.89484]
[846.145],[870.64307]
[868.95166],[878.8858]
[1030.002],[978.29645]
[1195.3673],[1176.5562]
[688.207],[719.35547]
[845.12866],[820.7999]
[1268.9803],[1188.5818]
[1043.504],[1019.13806]
[1193.9297],[1207.9087]
[1110.6647],[1118.0575]
[789.6277],[822.6747]
[1407.9073],[1467.8098]
[1591.4283],[1553.5641]
[894.148],[921.1489]
[1363.5254],[1412.416]
[979.00366],[976.66797]
[768.86865],[782.38806]
[1094.1244],[1096.9594]
[1265.9164],[1233.8617]
[843.02966],[849.3546]
[932.64435],[931.39453]
[1872.263],[1553.5856]
[1578.94],[1553.4957]
[1117.213],[1123.481]
[1085.127],[1129.8854]
[778.264],[766.26117]
[786.805],[741.96204]
[1046.4913],[1055.2457]
[915.087],[932.0928]
[854.7737],[928.32214]
[789.77435],[770.51117]
[898.0317],[909.9307]
[1052.6113],[1035.9192]
[1148.0907],[1161.4427]
[1202.911],[1263.0756]
[846.74866],[830.8694]
[1185.0427],[1174.0212]
[1175.4686],[1213.4633]
[1136.2377],[1192.1263]
[730.9993],[696.39746]
[1052.3016],[1038.0101]
[1140.9497],[1142.6149]
[973.10834],[963.1533]
[821.6877],[841.224]
[918.4167],[965.10315]
[1280.46],[1303.693]
[739.372],[769.87823]
[1331.686],[1387.1073]
[1094.0703],[1114.5299]
[1365.332],[1353.7062]
[1226.871],[1244.3217]
[713.342],[681.103]
[1411.0474],[1550.547]
[758.956],[754.35016]
[696.47864],[664.664]
[1247.2244],[1201.1942]
[937.551],[907.30585]
[987.2443],[1016.57904]
[912.3023],[946.64215]
[827.69135],[839.9649]
[994.51733],[995.80304]
[900.07],[913.655]
[872.85236],[839.3213]
[786.45264],[844.2849]
[1226.231],[1300.3647]
[1032.8394],[1046.3094]
[767.06665],[768.7075]
[968.7573],[1003.79034]
[946.57733],[897.38684]
[882.43164],[817.8262]
[792.17566],[782.49]
[1009.41766],[982.21545]
[1265.0927],[1254.5391]
[1115.154],[1308.5366]
[1347.4534],[1369.5181]
[1156.2433],[1110.619]
[900.06866],[899.1395]
[783.57367],[814.3226]
[1027.9597],[1051.6827]
[1233.4047],[1175.1056]
[1373.232],[1387.4017]
[1097.8544],[1055.8516]
[1319.0457],[1322.8503]
[912.4083],[967.49664]
[937.79333],[949.0173]
[1143.408],[1157.474]
[1071.467],[1104.3655]
[816.47064],[831.98596]
[813.94434],[870.8861]
[1302.756],[1319.3326]
[813.4633],[815.43274]
[1061.6053],[1078.6536]
[1145.9153],[1132.3978]
[682.485],[682.0034]
[691.29364],[673.4778]
[775.525],[796.1298]
[769.77435],[789.9707]
[1086.939],[1206.074]
[842.43365],[877.5327]
[1000.919],[1042.0239]
[1194.628],[1188.51]
[681.8883],[679.1952]
[1037.2463],[1018.5347]
[697.05066],[701.80206]
[1307.811],[1298.0328]
[1352.593],[1446.745]
[1166.9576],[1110.505]
[1235.946],[1276.8724]
[791.2313],[837.1237]
[928.83136],[989.0947]
[940.00134],[957.5122]
[1269.771],[1174.7614]
[894.5853],[986.1742]
[913.615],[916.18085]
[1091.1337],[1085.2505]
[792.323],[795.34784]
[889.985],[905.25397]
[919.058],[935.4996]
[870.02435],[893.129]
[1182.5303],[1184.4241]
[978.66766],[1002.24677]
[912.365],[929.0909]
[1183.0886],[1200.8798]
[1127.5247],[1135.1509]
[686.547],[702.22766]
[1514.619],[1552.9396]
[1154.3513],[1090.3447]
[991.26],[1048.2148]
[660.10535],[639.4002]
[915.7757],[935.97687]
[1104.775],[1110.2684]
[820.497],[819.91754]
[946.101],[929.2546]
[1346.8436],[1356.9299]
[1124.959],[1102.5759]
[771.6533],[731.76514]
[1121.86],[1121.7643]
[911.16736],[861.3151]
[1228.9027],[1224.5155]
[1252.613],[1312.1367]
[953.802],[946.22534]
[1152.8147],[1145.436]
[1200.6587],[1172.5422]
[1149.0653],[1154.3739]
[802.69965],[784.7172]
[898.586],[899.45624]
[1113.7957],[1058.7926]
[1311.189],[1310.1765]
[1114.7667],[1127.5344]
[906.78033],[941.3203]
[887.42633],[844.9196]
[979.22766],[969.5216]
[882.722],[886.3014]
[632.835],[627.50134]
[1111.6776],[1064.6554]
[704.21],[692.9695]
[1273.2433],[1328.0676]
[1291.275],[1261.1095]
[776.136],[808.4985]
[910.369],[926.71814]
[858.0783],[922.2631]
[963.53033],[886.6036]
[838.1253],[852.38776]
[883.37335],[935.8373]
[963.39233],[987.72516]
[761.27264],[761.6226]
[1110.4093],[1168.5941]
[976.0627],[988.9805]
[860.675],[830.358]
[628.08466],[613.7156]
[1210.2494],[1118.2285]
[1311.1774],[1299.2666]
[1087.942],[1101.736]
[984.677],[973.5914]
[1155.8503],[1152.3965]
[773.7167],[755.3541]
[1319.4626],[1376.92]
[1149.568],[1173.0215]
[834.1147],[845.8605]
[1121.1356],[1143.8196]
[1341.042],[1406.8735]
[816.2367],[812.53033]
[870.232],[836.08813]
[942.905],[975.9612]
[1235.6254],[1253.424]
[798.123],[790.01105]
[962.9687],[1039.4504]
[972.66],[999.5971]
[653.04333],[657.6836]
[1126.0366],[1108.0845]
[962.77136],[964.72754]
[1089.1907],[1062.3157]
[1140.106],[1144.1193]
[776.0023],[703.3316]
[948.304],[953.1564]
[725.07166],[689.7582]
[951.7783],[971.54785]
[827.69464],[835.48425]
[1419.6653],[1552.1615]
[1065.4077],[1041.2507]
[686.815],[667.02014]
[982.32434],[1055.8285]
[829.477],[832.05896]
[799.904],[796.69244]
[822.29],[870.5039]
[1011.5203],[1032.4744]
[866.57764],[880.3438]
[665.02264],[662.28485]
[1254.1337],[1249.173]
[1395.068],[1244.0228]
[1200.7764],[1119.683]
[1075.1433],[1065.3937]
[1139.667],[1122.5332]
[1246.8293],[1255.5887]
[678.218],[699.23236]
[1043.1173],[1096.3103]
[1058.9846],[1049.7714]
[805.13434],[797.97]
[721.8543],[787.11957]
[874.39734],[899.90576]
[968.61365],[1021.4841]
[813.20966],[859.56726]
[1034.394],[1098.439]
[1151.9557],[1079.0193]
[716.5917],[701.2596]
[680.23865],[667.9534]
[1517.428],[1552.8608]
[850.9343],[875.05865]
[1124.7743],[1145.0872]
[749.27966],[690.63873]
[811.88165],[801.80597]
[1085.937],[1124.6842]
[993.0887],[1005.5325]
[1202.4576],[1153.1272]
[1174.8413],[1153.2684]
[1179.3397],[1177.3232]
[847.852],[869.7604]
[975.37866],[938.3052]
[837.66],[860.99744]
[1058.5767],[1019.4698]
[879.0137],[916.9087]
[769.373],[788.7395]
[1028.0327],[1073.2474]
[821.63666],[829.7782]
[888.2913],[897.08527]
[996.62164],[973.033]
[1131.6606],[1286.6123]
[1642.9303],[1553.5522]
[839.024],[846.7374]
[754.1743],[758.33325]
[903.1273],[912.2583]
[1053.0697],[1068.4027]
[1103.8336],[1124.1378]
[1056.9536],[1037.9412]
[1044.199],[1051.2733]
[738.9117],[686.63544]
[899.00366],[830.2888]
[1327.028],[1357.0519]
[1142.3696],[1163.1195]
[826.668],[900.24005]
[938.913],[951.95404]
[1001.228],[1052.7435]
[902.7573],[858.07886]
[733.05],[684.50323]
[1143.6367],[1095.4258]
[912.5157],[953.5818]
[1312.4316],[1317.6588]
[1191.2467],[1185.5413]
[855.065],[861.1273]
[816.58167],[814.1424]
[1661.0493],[1553.4674]
[1036.2296],[1009.0994]
[955.445],[1055.0945]
[838.104],[852.6483]
[669.46564],[690.95984]
[1384.5657],[1424.9377]
[1112.4636],[1124.3044]
[1114.6937],[1119.6202]
[859.37964],[860.2489]
[869.6977],[821.466]
[951.38666],[970.8112]
[1369.3823],[1351.0765]
[1039.2034],[1045.6572]
[711.82635],[730.2824]
[1387.5133],[1352.5386]
[1023.2623],[1023.0882]
[679.5673],[680.1114]
[1435.854],[1427.5077]
[1123.6764],[1140.957]
[909.87366],[908.4337]
[911.30066],[882.86096]
[787.313],[785.71844]
[1285.387],[1212.554]
[1203.4657],[1226.1104]
[712.97266],[754.69495]
[976.0267],[1040.6659]
[957.40533],[1018.0364]
[908.3723],[890.59485]
[1087.2336],[1082.0919]
[1078.202],[1078.9801]
[889.9217],[938.42993]
[1135.5503],[1124.4625]
[1038.694],[1009.0535]
[1282.8723],[1231.801]
[1013.18],[1049.4592]
[1018.345],[1075.7446]
[903.09564],[977.08215]
[820.73865],[863.18427]
[1506.4707],[1263.9604]
[777.7767],[751.98895]
[1152.4594],[1100.5665]
[777.82166],[756.8938]
[845.205],[912.3955]
[1297.5316],[1278.7849]
[905.8093],[903.5419]
[982.38635],[991.2702]
[812.88434],[824.0234]
[1165.1603],[1122.3514]
[1037.346],[1014.4746]
[747.348],[802.82477]
[785.05066],[778.7692]
[743.7217],[803.358]
[753.60535],[776.93353]
[760.16034],[779.18286]
[1432.1913],[1492.7115]
[1207.2024],[1240.2587]
[911.118],[951.10156]
[1030.0603],[1040.127]
[943.43866],[960.1692]
[993.363],[948.3791]
[1310.473],[1553.3248]
[1202.0533],[1210.512]
[871.6973],[902.63696]
[1077.943],[1038.4242]
[896.77435],[947.15576]
[1182.775],[1178.4874]
[1375.7683],[1398.1844]
[858.8677],[843.0338]
[1144.251],[1127.8663]
[1246.2194],[1268.8269]
[1006.867],[1002.19714]
[1228.8434],[1218.839]
[1164.4297],[1150.1807]
[1087.8583],[1114.9811]
[925.92035],[1006.93274]
[1119.3827],[1132.5426]
[1353.4384],[1450.4321]
[602.17633],[622.523]
[1023.06134],[1033.8092]
[1079.0424],[1137.6699]
[827.37],[847.6109]
[771.174],[808.2884]
[847.1277],[804.6759]
[1194.466],[1135.1908]
[1092.812],[1118.3341]
[1124.9183],[1111.3856]
[682.995],[708.0121]
[784.39465],[789.70276]
[901.5023],[910.8316]
[942.76935],[914.99805]
[706.55566],[706.5625]
[874.36633],[833.40564]
[1088.5767],[1131.2817]
[858.6903],[851.809]
[696.59235],[674.7664]
[976.3747],[975.08246]
[816.70465],[793.43616]
[773.369],[730.6187]
[1159.5774],[1151.4725]
[1006.20636],[1017.006]
[1020.67633],[1064.8677]
[784.1537],[806.20874]
[801.23236],[800.8194]
[1097.098],[1117.2374]
[998.6587],[1005.84436]
[923.5707],[956.30914]
[878.71265],[926.6293]
[1083.338],[1053.0461]
[902.8017],[908.28107]
[918.947],[943.38]
[1120.6227],[1133.4456]
[1167.6067],[1189.1714]
[1046.9846],[1080.8638]
[887.00964],[961.5373]
[932.78],[902.4051]
[1127.6656],[1189.749]
[825.4847],[841.52045]
[784.412],[783.71796]
[1255.376],[1255.635]
[696.9617],[671.4095]
[853.5753],[977.73596]
[1062.904],[1102.9172]
[1313.9226],[1301.0242]
[694.64667],[692.9825]
[888.87366],[871.4568]
[1096.083],[1081.2634]
[1037.9457],[970.0508]
[853.1717],[880.4637]
[943.32434],[954.25256]
[860.65436],[818.21893]
[1125.135],[1106.3809]
[1268.079],[1247.7552]
[1111.6306],[1160.8759]
[1263.452],[1147.1741]
[1248.821],[1248.3177]
[1110.0197],[1092.2881]
[740.5573],[766.3439]
[1096.847],[1090.8824]
[983.7217],[1012.3274]
[1324.537],[1391.8289]
[770.66064],[783.1854]
[1130.291],[1106.3339]
[1358.1707],[1394.0787]
[1168.367],[1127.5376]
[1040.265],[1055.8082]
[793.61066],[803.8685]
[1245.946],[1242.0599]
[801.985],[834.926]
[1055.7117],[1060.2565]
[1106.4684],[1123.6014]
[885.605],[904.1484]
[1135.8334],[1162.9341]
[797.461],[765.9777]
[1002.24],[982.58014]
[877.18665],[906.7012]
[1091.189],[1136.8157]
[914.9607],[925.9051]
[836.5753],[799.074]
[1120.0123],[1183.1156]
[1213.2783],[1291.3014]
[1040.3247],[1055.5654]
[1122.957],[1148.3207]
[782.904],[768.2233]
[681.80664],[689.80383]
[700.70966],[665.8965]
[1132.9164],[1084.191]
[1202.1157],[1160.147]
[946.27734],[947.70605]
[1104.797],[1050.0483]
[858.68536],[813.7009]
[926.14233],[972.40826]
[1390.369],[1361.6324]
[872.8697],[858.1138]
[976.20935],[914.20935]
[873.611],[917.9633]
[851.375],[952.17017]
[987.736],[1047.7283]
[1486.599],[1477.2142]
[681.107],[670.90234]
[919.315],[963.93994]
[843.2507],[908.0552]
[1236.8357],[1269.6775]
[957.65765],[935.6809]
[898.4457],[827.3217]
[1217.793],[1150.4908]
[886.2657],[927.83374]
[963.25464],[964.7236]
[711.5413],[700.3258]
[1158.625],[1157.8408]
[861.06067],[844.51]
[726.82635],[738.9194]
[1182.0327],[1234.2975]
[1228.5583],[1264.9111]
[958.286],[948.6243]
[1197.6597],[1261.3776]
[1594.3904],[1504.2454]
[792.662],[781.2902]
[617.6793],[633.06915]
[889.8253],[835.6489]
[1334.9597],[1239.1552]
[830.46967],[843.2976]
[1320.5187],[1302.3997]
[1314.3373],[1295.0925]
[1133.1013],[1110.3612]
[1121.5043],[1178.208]
[699.258],[745.53595]
[958.3613],[956.2978]
[612.302],[621.41785]
[915.0157],[952.51227]
[1012.486],[990.6694]
[1061.769],[1079.0142]
[852.38934],[825.49493]
[1271.6306],[1293.088]
[1411.7583],[1415.9166]
[1196.1144],[1274.1226]
[1242.3253],[1258.0906]
[853.4897],[825.61096]
[806.753],[875.1932]
[714.1907],[702.39404]
[722.864],[698.7667]
[1174.0243],[1222.708]
[1065.593],[1081.8785]
[1307.0507],[1346.4803]
[1221.5476],[1214.2478]
[1189.479],[1064.6923]
[961.30035],[996.0877]
[733.7363],[743.01874]
[935.89264],[945.1178]
[843.2637],[899.47864]
[709.235],[704.3326]
[1147.367],[1110.0203]
[1038.302],[1017.8494]
[1256.657],[1211.2073]
[879.5463],[877.88245]
[1152.51],[1138.7896]
[680.51965],[685.836]
[1017.5653],[1009.0052]
[805.09534],[825.7258]
[1006.7637],[970.2481]
[1155.762],[1167.7201]
[1254.2797],[1279.1516]
[1192.8313],[1175.8486]
[1068.749],[1086.5931]
[874.36066],[870.3919]
[721.58966],[700.35077]
[1217.615],[1156.5986]
[891.30066],[943.8415]
[935.7003],[1015.90063]
[1035.1733],[1011.9625]
[778.06464],[829.23944]
[937.01],[919.36053]
[1126.4004],[1109.4502]
[1261.994],[1337.1791]
[1034.6187],[1018.5252]
[1349.584],[1347.21]
[874.54333],[859.713]
[966.4717],[1025.0079]
[1101.3756],[1129.5715]
[836.88],[830.7098]
[945.45233],[918.28064]
[893.3983],[951.45337]
[970.63934],[1021.5552]
[1201.6067],[1221.1309]
[728.34735],[752.8848]
[1128.933],[1143.9783]
[1207.4923],[1184.5651]
[976.70135],[943.7118]
[921.37134],[944.1343]
[839.47064],[805.45447]
[1310.314],[1361.7639]
[790.596],[806.1325]
[1208.5264],[1164.5334]
[940.22766],[928.96216]
[988.5727],[997.08624]
[1011.3383],[1016.3556]
[1177.0046],[1175.3129]
[1091.8517],[1091.592]
[686.777],[658.9947]
[828.329],[808.2575]
[1172.5663],[1250.1157]
[768.275],[792.0969]
[1285.7806],[1544.5083]
[1102.382],[1126.3105]
[1083.3696],[1097.3036]
[957.16833],[973.94666]
[701.995],[682.2694]
[1027.9387],[1010.6526]
[836.163],[858.0377]
[925.0053],[956.3794]
[764.12],[752.1382]
[1283.669],[1307.2206]
[1196.0156],[1151.9913]
[912.066],[1034.9613]
[853.11334],[852.7255]
[1207.3007],[1211.0398]
[987.3757],[971.8728]
[1227.81],[1248.1387]
[799.60034],[833.7978]
[670.975],[630.65497]
[1345.5994],[1331.3533]
[910.82434],[901.90356]
[1502.7024],[1552.1753]
[694.46765],[668.40454]
[801.62067],[802.11914]
[1265.049],[1342.9908]
[1085.365],[1105.4308]
[792.29236],[768.74475]
[845.08],[848.6687]
[1505.3817],[1553.109]
[1048.965],[1026.0348]
[1054.4366],[1039.3011]
[791.31964],[824.0365]
[736.6507],[752.9838]
[1114.3453],[1139.7427]
[929.03467],[976.62085]
[1178.5543],[1130.5775]
[738.6517],[708.1271]
[1069.3763],[1091.4625]
[1215.8546],[1207.463]
[1199.929],[1205.5519]
[1211.264],[1161.3506]
[818.80133],[820.06464]
[1140.2803],[1087.342]
[905.6693],[877.5199]
[1124.9883],[1163.3019]
[1277.134],[1342.5024]
[1054.6884],[1075.9448]
[1296.8417],[1302.2438]
[968.1507],[967.2291]
[1347.6473],[1338.8619]
[859.96564],[847.6609]
[1474.432],[1452.7753]
[1161.3627],[1142.9823]
[764.52167],[760.8405]
[871.79767],[880.6443]
[711.3497],[688.1073]
[1316.9387],[1457.88]
[873.841],[884.61206]
[715.0233],[673.0862]
[816.5233],[829.0645]
[932.283],[956.32007]
[963.16034],[910.6815]
[825.89166],[845.9968]
[1321.888],[1364.6288]
[1106.2887],[1048.1217]
[963.6],[1002.0149]
[685.776],[675.38354]
[812.708],[792.54333]
[1049.2527],[1041.0157]
[1294.1333],[1248.9076]
[1020.85864],[1023.3295]
[1851.4387],[1553.4208]
[924.75165],[918.4539]
[925.64667],[1014.4894]
[1153.9807],[1114.2059]
[939.589],[944.5676]
[980.82733],[992.4161]
[791.1323],[811.74457]
[1270.046],[1298.0135]
[983.25165],[999.2949]
[1335.9517],[1229.7744]
[1105.1034],[1125.4792]
[814.104],[820.84985]
[1107.481],[1081.515]
[1230.8717],[1304.8593]
[971.0703],[976.1512]
[1356.602],[1373.6313]
[861.948],[776.50977]
[1140.3777],[1160.0177]
[908.172],[1007.28455]
[885.044],[849.998]
[1185.693],[1184.9579]
[818.4373],[822.544]
[1106.132],[1172.229]
[795.66534],[818.7747]
[1084.7007],[1180.6178]
[1014.5993],[1043.9949]
[923.8233],[961.46906]
[946.96735],[966.2335]
[678.46735],[634.55115]
[921.73334],[915.33093]
[996.448],[1027.1151]
[834.542],[845.9448]
[1045.358],[1024.9838]
[878.869],[966.3799]
[620.10065],[627.1099]
[766.72],[767.7106]
[870.843],[936.6866]
[725.2603],[786.6959]
[1248.0017],[1316.515]
[862.4067],[918.5155]
[691.68835],[648.2843]
[943.9947],[891.42426]
[715.03],[731.2312]
[987.797],[1011.2834]
[921.3987],[892.70667]
[811.8253],[763.2471]
[1018.969],[1075.3212]
[839.854],[810.2897]
[1188.64],[1166.6624]
[1005.76764],[996.539]
[1033.84],[1042.8827]
[1334.8167],[1275.0336]
[845.62665],[854.5949]
[812.834],[828.0036]
[1050.538],[996.02405]
[984.404],[965.6399]
[896.885],[959.4773]
[1201.3087],[1240.6412]
[851.252],[869.9969]
[893.3823],[909.68494]
[895.69366],[943.0271]
[1002.165],[971.6188]
[1019.7053],[1036.9635]
[1352.043],[1331.5056]
[1328.21],[1381.6329]
[926.895],[931.43744]
[761.10034],[734.30255]
[1321.4387],[1380.851]
[689.387],[642.5168]
[987.13965],[989.82544]
[955.104],[956.82587]
[1197.949],[1268.0853]
[995.919],[1014.43616]
[794.75665],[826.9661]
[633.64],[646.97107]
[1138.312],[1188.5192]
[835.8223],[852.1181]
[1244.688],[1189.0159]
[1321.6404],[1336.2324]
[845.64136],[880.3397]
[784.82965],[819.2301]
[774.63336],[767.21326]
[1004.894],[1006.52747]
[693.403],[697.6133]
[1065.947],[1055.1826]
[877.53064],[973.7832]
[931.7763],[992.76666]
[892.358],[890.7958]
[1254.167],[1194.8112]
[924.6773],[962.7318]
[794.545],[778.6249]
[1257.859],[1210.4999]
[1279.432],[1330.67]
[1175.7837],[1175.5707]
[932.13635],[927.13635]
[1186.045],[1211.2734]
[1375.2697],[1416.5424]
[1286.8773],[1415.8033]
[1226.659],[1232.4401]
[1072.7386],[1010.4409]
[1473.9047],[1460.3722]
[632.8643],[636.77216]
[1057.6863],[1111.036]
[1122.187],[1133.1774]
[823.853],[836.8389]
[902.31665],[872.82117]
[1182.6893],[1140.8419]
[661.42],[649.5448]
[709.816],[679.18665]
[1039.384],[1073.2125]
[1180.649],[1282.6493]
[800.45264],[801.6819]
[790.588],[832.204]
[1180.212],[1200.3445]
[1140.638],[1146.0278]
[955.91034],[954.93475]
[998.38135],[1020.38763]
[990.2993],[1041.4674]
[1077.3043],[1094.0743]
[1059.227],[1042.403]
[888.816],[913.64996]
[794.5267],[828.73975]
[1307.481],[1222.2374]
[809.4037],[786.2173]
[1365.258],[1306.3485]
[784.57465],[784.217]
[1215.0374],[1289.797]
[679.744],[667.04675]
[1385.5634],[1387.0474]
[965.1043],[944.10516]
[829.14136],[810.97284]
[845.18634],[819.4643]
[976.3173],[1001.9949]
[881.1173],[866.86096]
[1249.48],[1184.3077]
[1171.2344],[1150.5571]
[710.30664],[691.5828]
[731.5133],[688.3098]
[1482.6007],[1541.9141]
[834.924],[956.0388]
[823.666],[813.60767]
[930.7507],[978.31024]
[896.707],[929.3583]
[1459.395],[1519.0319]
[1032.2473],[992.9316]
[877.20264],[948.89813]
[1298.8107],[1363.5925]
[1343.0797],[1320.9724]
[1153.4823],[1091.0402]
[1064.7043],[1055.5144]
[1346.8906],[1357.9246]
[1076.12],[1091.55]
[1217.1907],[1210.8003]
[1312.8617],[1307.5126]
[1300.6427],[1431.9678]
[964.09064],[985.76526]
[1058.0986],[1109.722]
[1063.3923],[1147.621]
[1821.0347],[1553.8597]
[827.98865],[855.43304]
[705.07635],[728.1354]
[845.51666],[865.2537]
[926.852],[896.1549]
[1036.94],[1067.3765]
[1143.6747],[1099.5331]
[935.30133],[962.1198]
[875.19434],[916.02747]
[977.2443],[992.4368]
[715.82635],[668.9102]
[1007.715],[1017.4034]
[1414.9197],[1407.3301]
[1283.3964],[1134.9395]
[878.128],[905.10785]
[1158.4863],[1116.8011]
[1094.031],[1093.3265]
[1060.8517],[1081.465]
[1264.044],[1353.8766]
[1257.008],[1210.2788]
[1080.7914],[1129.8723]
[976.539],[992.0327]
[1024.632],[1012.89557]
[753.9277],[731.9517]
[1089.4563],[1076.0221]
[921.2247],[939.88135]
[802.546],[776.991]
[942.0003],[955.2295]
[871.6193],[931.2221]
[906.59],[902.78766]
[1097.9576],[1090.1466]
[1111.8987],[1108.0001]
[1096.3403],[1119.7572]
[734.89233],[705.6078]
[905.2447],[933.7121]
[1025.1393],[942.23035]
[1319.4543],[1319.6584]
[850.835],[864.2085]
[804.2623],[809.39905]
[1119.442],[1152.7368]
[1480.179],[1446.6522]
[1250.0717],[1191.5222]
[1468.4203],[1419.9792]
[847.8903],[872.6127]
[1067.3523],[1094.3582]
[917.154],[902.1745]
[1040.4274],[1070.631]
[1043.8806],[1045.7428]
[1168.3534],[1165.9535]
[1225.587],[1228.1825]
[857.81036],[906.4457]
[634.19867],[648.6563]
[1524.6716],[1460.2297]
[891.4617],[918.8334]
[1500.8966],[1553.5278]
[977.016],[970.458]
[1531.6853],[1553.648]
[1154.5493],[1167.9886]
[670.957],[648.0975]
[977.133],[1002.7929]
[1044.5977],[1096.3644]
[1109.039],[1035.39]
[986.696],[959.5353]
[811.8903],[771.8142]
[775.81635],[753.9564]
[991.07166],[1064.8752]
[1009.216],[1036.9409]
[739.69666],[741.248]
[803.741],[847.4298]
[769.0807],[818.8252]
[1164.7887],[1117.688]
[837.686],[854.1574]
[706.03436],[728.18054]
[952.71436],[986.634]
[784.53265],[803.74854]
[934.2087],[885.45435]
[1103.7163],[1037.3546]
[968.7247],[1007.7254]
[761.03564],[736.3468]
[1200.4684],[1195.898]
[745.9403],[782.88824]
[1195.729],[1166.4589]
[769.4943],[758.1256]
[1263.69],[1339.9324]
[1012.909],[1008.8617]
[1041.5524],[1024.514]
[1390.0713],[1398.9562]
[706.762],[690.11957]
[1196.8704],[1211.6066]
[1270.8347],[1239.8251]
[1073.5844],[1083.9403]
[1220.071],[1281.6804]
[724.413],[709.9155]
[1809.114],[1553.556]
[1185.1926],[1204.7284]
[1092.392],[1004.8397]
[1079.844],[1084.164]
[903.4533],[887.4676]
[712.694],[737.28375]
[1823.7227],[1553.4867]
[992.0153],[955.3989]
[976.959],[990.1841]
[1111.7313],[1134.0277]
[1104.9093],[1087.9641]
[1062.7563],[899.2113]
[877.3093],[831.8047]
[585.3127],[601.4739]
[803.165],[780.39465]
[1329.7263],[1362.1375]
[696.69135],[709.9796]
[579.54333],[607.8373]
[1077.7523],[1114.6583]
[752.418],[741.7025]
[1294.6553],[1372.2472]
[841.756],[822.2762]
[651.489],[686.98773]
[1338.9197],[1342.3517]
[1487.689],[1550.2808]
[1278.6766],[1166.831]
[1011.2783],[1063.8971]
[1102.85],[1038.154]
[980.1377],[972.6683]
[1230.166],[1200.3788]
[973.17035],[1010.2799]
[905.548],[938.45374]
[698.994],[631.937]
[1310.4307],[1359.071]
[1016.18567],[1037.1733]
[726.063],[695.2502]
[768.29565],[757.58185]
[887.328],[909.35754]
[1128.4193],[1135.9463]
[790.0317],[830.46]
[905.491],[942.57886]
[1042.7147],[1071.1859]
[800.652],[798.13184]
[2080.5867],[1553.515]
[894.2473],[931.998]
[789.44666],[811.7831]
[811.30865],[856.8739]
[1131.9114],[1156.2552]
[1142.8553],[1165.5374]
[1187.4996],[1242.6854]
[1159.57],[1147.093]
[916.601],[952.3236]
[947.471],[1029.4691]
[778.3697],[823.4549]
[952.901],[1003.6041]
[897.7967],[886.7715]
[976.57367],[1060.8064]
[854.165],[885.2894]
[788.4037],[806.7329]
[722.10736],[678.55597]
[986.40466],[983.312]
[759.27734],[768.43414]
[1233.6813],[1250.1177]
[1036.0043],[1060.4308]
[831.5673],[819.0221]
[1023.05566],[1022.44653]
[1023.37964],[1083.656]
[874.4113],[854.3588]
[806.6583],[808.2092]
[883.01636],[837.07745]
[901.20734],[961.0042]
[1163.9844],[1130.1367]
[1309.069],[1274.8931]
[786.247],[784.81555]
[809.97235],[823.82275]
[1009.98535],[1006.11566]
[1168.672],[1186.4952]
[1244.0563],[1228.2463]
[1090.7134],[1109.6425]
[1054.5073],[1074.8236]
[876.04565],[881.75195]
[1011.9033],[1004.61523]
[792.41864],[843.53015]
[660.461],[676.63806]
[864.3873],[844.12537]
[749.77966],[758.67224]
[856.3383],[861.22656]
[1111.6196],[1161.1952]
[1060.0303],[1090.3827]
[1155.377],[1149.2805]
[1017.904],[994.6575]
[795.67834],[847.14087]
[1244.9517],[1209.1295]
[774.02167],[741.8271]
[873.952],[844.2517]
[1286.439],[1280.1223]
[1142.3977],[1166.6404]
[840.75867],[806.1137]
[1135.4343],[1093.1732]
[1493.0366],[1553.3656]
[656.778],[654.30035]
[1404.138],[1347.9342]
[768.54834],[814.64496]
[1140.2103],[1120.2314]
[1190.4597],[1246.3524]
[810.78735],[831.9964]
[860.358],[939.7359]
[912.95465],[965.69635]
[881.20264],[914.7873]
[1045.538],[1107.672]
[1339.025],[1365.2098]
[1659.6277],[1553.3953]
[741.158],[698.8254]
[734.93134],[761.33966]
[836.217],[844.9632]
[944.8677],[1008.9524]
[768.06836],[894.5195]
[946.869],[875.5645]
[1064.8207],[1056.4668]
[1163.091],[1151.4816]
[863.975],[814.3983]
[820.42035],[830.80994]
[1124.623],[1149.2853]
[812.422],[767.6205]
[1073.5847],[1058.859]
[672.8567],[654.74854]
[944.15466],[969.5211]
[870.18036],[868.8552]
[1063.6876],[1047.291]
[1029.403],[1024.373]
[905.08234],[1006.2883]
[1155.75],[1143.1718]
[1215.243],[1163.7723]
[1216.2113],[1252.8352]
[689.73364],[675.2928]
[791.1383],[794.93896]
[1021.46265],[1035.5231]
[1212.202],[1209.2114]
[1158.4437],[1195.7933]
[870.0863],[894.93036]
[832.27466],[818.2694]
[915.467],[951.6493]
[1066.4836],[1064.5371]
[1016.7237],[1062.4678]
[773.18],[769.4416]
[913.67],[932.7702]
[775.4503],[765.9543]
[1035.4867],[1037.6996]
[881.916],[878.1432]
[888.428],[907.83716]
[802.20135],[860.30536]
[1126.144],[1096.0522]
[788.514],[775.38666]
[819.8877],[792.0453]
[903.1953],[963.7319]
[1073.6187],[1024.4805]
[1062.5597],[1095.1357]
[799.97266],[776.6036]
[1146.327],[1176.8287]
[990.76935],[1048.888]
[1149.4607],[1279.3529]
[1119.4326],[1136.1111]
[1055.8904],[1025.9653]
[1438.9597],[1421.795]
[1246.024],[1295.1897]
[1235.4343],[1497.0607]
[919.7167],[946.1446]
[1155.088],[1158.342]
[825.27936],[847.9863]
[868.53235],[802.98553]
[913.78735],[968.85046]
[983.89764],[945.77423]
[711.714],[733.7297]
[1290.591],[1308.4846]
[1401.056],[1446.7876]
[834.29565],[771.30695]
[1166.8126],[1138.6218]
[984.94867],[1043.7872]
[703.366],[683.9466]
[888.31866],[919.8403]
[960.662],[972.54285]
[717.4633],[681.1002]
[1197.3043],[1195.5896]
[1155.6747],[1139.7753]
[1020.8367],[1050.3544]
[1470.9767],[1478.63]
[901.4087],[905.3327]
[1202.6647],[1163.5624]
[1109.0724],[1164.2008]
[1200.33],[1202.7847]
[738.76764],[698.8776]
[1013.40765],[1009.87274]
[1115.2847],[1110.0736]
[1040.9437],[1100.3201]
[836.7893],[901.81757]
[1054.042],[1090.5189]
[829.1177],[817.37964]
[1594.4313],[1553.7993]
[890.67834],[932.84546]
[662.8807],[680.2475]
[904.552],[992.34973]
[681.683],[672.6889]
[759.184],[740.33887]
[960.52234],[1038.0732]
[889.9943],[921.3122]
[944.7863],[946.78754]
[987.48035],[977.4594]
[1303.9156],[1273.224]
[1142.469],[1128.7812]
[969.022],[989.288]
[1694.706],[1553.4574]
[876.756],[884.3597]
[1151.8503],[1185.0817]
[785.277],[795.493]
[726.74634],[687.8339]
[1248.749],[1258.4333]
[903.94],[919.048]
[822.328],[834.22]
[946.4197],[1008.22217]
[749.588],[746.51953]
[1237.399],[1244.1155]
[1142.4193],[1170.3528]
[1366.262],[1308.2617]
[1053.948],[1056.3494]
[960.0593],[981.8385]
[866.99335],[909.5516]
[1245.313],[1210.6522]
[713.53534],[752.7513]
[932.485],[901.9276]
[688.913],[679.8421]
[999.234],[910.0481]
[727.6143],[673.7044]
[1014.08234],[953.9768]
[1381.8434],[1380.134]
[813.294],[789.5416]
[1220.8873],[1202.3859]
[1004.3933],[969.1936]
[845.736],[893.96893]
[921.07434],[956.2547]
[606.2053],[617.588]
[934.71533],[962.5185]
[967.5123],[958.84375]
[765.343],[813.3434]
[792.2447],[809.9261]
[984.60834],[971.53973]
[1175.1857],[1179.3398]
[1220.0177],[1215.9985]
[740.266],[750.9003]
[652.61365],[668.0574]
[742.121],[783.4931]
[1180.4663],[1171.432]
[1194.682],[1177.6228]
[744.16235],[764.84174]
[754.33],[773.4036]
[773.91034],[752.8809]
[1004.899],[1012.1301]
[1060.6624],[1080.3947]
[816.3903],[807.2921]
[986.88165],[994.29114]
[1129.3997],[1166.8125]
[1187.5303],[1179.2112]
[931.4713],[963.84955]
[1582.6707],[1553.25]
[741.39465],[702.2479]
[970.5757],[993.91437]
[857.101],[849.9808]
[794.11066],[804.97217]
[736.70435],[701.8529]
[1093.7177],[1081.2212]
[782.2213],[819.6921]
[991.97833],[1024.6396]
[1533.809],[1553.5818]
[1274.5797],[1301.2291]
[774.257],[802.10333]
[968.4403],[916.4326]
[881.48065],[921.12665]
[970.18134],[934.41394]
[958.666],[968.18207]
[1165.9673],[1222.5725]
[963.5267],[1050.2177]
[1253.657],[1215.5253]
[983.56036],[1007.69684]
[1200.1766],[1154.0714]
[918.89233],[914.0644]
[784.9483],[784.0432]
[1687.3773],[1553.4811]
[1523.13],[1553.483]
[951.5267],[957.646]
[1375.53],[1311.6624]
[783.07166],[718.1997]
[785.8413],[806.5995]
[1208.2317],[1218.864]
[1106.997],[1104.3857]
[733.298],[694.9732]
[1006.46533],[1047.2485]
[680.2317],[700.3075]
[870.728],[877.00104]
[896.1483],[932.1487]
[599.62164],[611.4661]
[793.74335],[777.36884]
[987.7833],[992.63275]
[955.7053],[933.3092]
[913.50964],[934.6657]
[1366.052],[1352.4807]
[1018.9973],[947.36945]
[1087.3843],[1141.3464]
[946.43933],[893.90204]
[772.69366],[729.9077]
[1248.8037],[1247.0962]
[746.5123],[815.56793]
[807.93066],[812.5696]
[1003.80865],[959.20404]
[755.133],[767.0769]
[1064.542],[1040.9833]
[1189.6866],[1216.9645]
[1056.3663],[1055.6211]
[1137.9796],[1182.161]
[863.7607],[885.9053]
[1329.027],[1359.4468]
[1225.2916],[1146.1447]
[708.473],[688.359]
[1389.2606],[1295.5773]
[1432.1387],[1534.8529]
[839.119],[850.7336]
[757.8753],[755.54755]
[887.684],[883.6769]
[1273.1627],[1278.0626]
[1440.1007],[1389.9423]
[737.1693],[685.872]
[859.5627],[887.05096]
[778.441],[766.70074]
[709.93665],[694.0092]
[769.052],[768.9374]
[919.76166],[965.33936]
[882.81836],[921.23474]
[1231.878],[1289.0525]
[844.5367],[842.59406]
[1057.4813],[1046.3357]
[860.78564],[838.2729]
[1002.37964],[982.35895]
[1582.9347],[1553.372]
[712.402],[731.833]
[765.526],[752.95013]
[1364.0254],[1375.9962]
[872.2637],[915.97656]
[864.175],[850.80035]
[902.87836],[881.6555]
[926.67365],[956.33105]
[680.66864],[658.8695]
[897.78235],[897.5254]
[1271.531],[1343.1725]
[790.178],[777.8309]
[1089.8563],[1072.7201]
[1083.0193],[1027.544]
[1136.2107],[1139.4779]
[921.5137],[930.1308]
[1349.312],[1413.2607]
[1110.5557],[1128.1211]
[933.60065],[970.67694]
[1098.119],[1132.7205]
[1520.1833],[1444.218]
[1217.5957],[1198.6774]
[817.52234],[842.89233]
[1111.816],[1077.4489]
[988.71234],[962.7502]
[643.40466],[654.5041]
[705.72064],[676.3191]
[1205.982],[1118.185]
[1045.765],[1110.4669]
[1061.6926],[1086.2385]
[683.251],[686.4062]
[1002.76135],[992.86346]
[1018.97864],[1018.14746]
[732.493],[718.76404]
[817.57166],[828.5008]
[720.806],[733.3867]
[811.00635],[878.44867]
[1144.2084],[1102.6832]
[995.8567],[1000.7257]
[1499.8187],[1482.6068]
[1460.3213],[1505.3546]
[1227.5146],[1308.2218]
[1494.8563],[1553.064]
[669.06665],[655.6865]
[931.535],[930.4192]
[970.17334],[939.81354]
[791.47833],[778.94476]
[937.26935],[979.4007]
[1191.1967],[1156.7981]
[1384.5487],[1488.647]
[883.78436],[899.48334]
[1004.019],[982.4608]
[1059.095],[1096.8475]
[774.8697],[782.5434]
[832.07635],[844.3708]
[810.5887],[858.4947]
[976.3463],[1017.6969]
[608.15234],[618.6949]
[1261.874],[1203.7604]
[1138.1653],[1106.79]
[1186.8336],[1194.6945]
[759.2497],[699.63275]
[967.81165],[995.96906]
[951.1093],[947.1905]
[768.5733],[786.16296]
[956.83966],[1034.7216]
[1005.33435],[1044.8059]
[1169.5177],[1151.4087]
[807.4667],[816.14777]
[869.815],[848.5988]
[1055.0514],[1089.8416]
[807.5937],[846.76636]
[1494.3856],[1472.3584]
[1372.1703],[1408.1224]
[761.494],[755.9192]
[908.8437],[853.50525]
[696.313],[673.1874]
[1064.28],[1076.9475]
[1458.206],[1467.1351]
[970.424],[891.2757]
[1245.0173],[1313.4214]
[1078.8733],[1103.2904]
[669.1743],[670.7152]
[1028.4114],[963.896]
[801.26733],[816.9267]
[922.7],[1009.2381]
[1143.4647],[1166.9153]
[1125.775],[1139.865]
[1321.5836],[1227.7926]
[883.4893],[901.15674]
[837.10333],[904.7601]
[823.117],[817.77515]
[682.256],[661.3114]
[1043.9303],[1056.792]
[961.3513],[1013.79553]
[841.417],[859.884]
[796.74536],[840.6053]
[1139.689],[1162.6598]
[1138.7673],[1097.5367]
[1350.384],[1407.8787]
[1104.816],[1099.0013]
[807.452],[864.6855]
[1070.949],[1078.8369]
[1393.45],[1523.7231]
[1298.1693],[1258.6947]
[975.08136],[977.71924]
[887.83435],[957.2986]
[1172.3956],[1207.5026]
[987.3337],[979.2717]
[898.366],[939.9933]
[980.89734],[969.33246]
[1310.491],[1369.3444]
[682.28735],[692.26385]
[807.297],[828.3248]
[1106.9274],[1142.1086]
[967.2267],[966.27954]
[830.7103],[838.54675]
[952.2527],[1030.5872]
[1022.341],[1021.7266]
[1351.8197],[1219.8966]
[770.68866],[818.689]
[1012.0783],[981.358]
[744.391],[814.5032]
[1019.176],[1027.954]
[873.7627],[899.926]
[1100.594],[1136.2096]
[933.32764],[934.5354]
[1325.5123],[1200.3782]
[1028.6127],[1013.2446]
[1134.232],[1225.0941]
[1142.1053],[1101.1918]
[1075.562],[1026.2982]
[961.3387],[971.55646]
[1484.5017],[1542.6384]
[710.531],[732.65216]
[1236.112],[1261.1079]
[683.5257],[688.23425]
[1181.8793],[1185.4323]
[884.739],[896.34436]
[913.7993],[938.4235]
[1377.4607],[1405.5704]
[1182.2273],[1205.0947]
[1184.0717],[1170.6908]
[922.32465],[976.18787]
[657.6253],[696.6663]
[817.9347],[795.3545]
[1041.6377],[1082.799]
[1448.177],[1498.5985]
[734.362],[760.96027]
[649.54364],[664.7813]
[999.8697],[1072.2026]
[1224.1273],[1211.8125]
[1080.785],[1092.021]
[897.422],[904.42096]
[1439.2333],[1430.0537]
[668.965],[693.5842]
[1004.713],[1037.6202]
[833.7817],[792.9868]
[770.13336],[800.66406]
[1417.486],[1549.3718]
[1126.7173],[1083.3646]
[881.3563],[872.97]
[808.30066],[802.55804]
[1228.4744],[1234.7711]
[1071.6887],[1068.4938]
[790.26666],[814.39496]
[909.52],[886.96387]
[1582.9147],[1553.7988]
[1328.6317],[1272.0408]
[1330.521],[1290.6213]
[1010.989],[1026.465]
[1522.9083],[1523.8589]
[1189.115],[1149.9375]
[957.937],[944.4177]
[898.523],[895.7715]
[900.7767],[913.0104]
[1306.5146],[1359.4962]
[1084.1566],[1119.4143]
[1187.805],[1178.0693]
[791.1643],[801.12103]
[736.88],[703.8913]
[870.768],[914.8368]
[1406.1674],[1344.7234]
[962.043],[964.5477]
[1154.8817],[1191.4222]
[680.37634],[674.1486]
[750.573],[797.181]
[830.6257],[898.9633]
[707.25964],[709.45013]
[866.3823],[869.59296]
[682.99536],[742.02747]
[1163.709],[1169.2727]
[1059.8623],[1045.9843]
[1062.3016],[1087.0515]
[902.67834],[877.026]
[735.2117],[717.3388]
[837.655],[802.4422]
[1005.77966],[1010.8959]
[706.04834],[730.2326]
[873.8827],[930.1493]
[765.06165],[803.8698]
[1115.592],[1114.6205]
[729.913],[703.24866]
[1077.6593],[1087.7516]
[1244.5913],[1220.0046]
[815.10535],[842.87164]
[1144.9073],[1074.0643]
[767.701],[789.16815]
[1084.7756],[1080.6495]
[1195.2693],[1225.6016]
[1147.6666],[1192.521]
[1212.2444],[1178.4883]
[1072.9207],[1021.1983]
[1195.6747],[1217.4896]
[906.42365],[935.9997]
[1188.866],[1208.1243]
[1714.78],[1552.132]
[774.838],[803.47577]
[1106.4384],[1142.9208]
[1162.1876],[1154.0525]
[1331.4957],[1308.6827]
[1133.906],[1103.9288]
[1014.12036],[1013.7578]
[1062.7094],[1046.8634]
[1237.397],[1262.2737]
[764.244],[792.07117]
[1176.5006],[1155.8037]
[1456.7163],[1377.3928]
[793.9613],[756.07916]
[911.337],[962.44806]
[1093.606],[1276.1647]
[986.6823],[1019.3475]
[1093.2983],[1079.7045]
[724.9637],[728.5967]
[884.2367],[864.6477]
[880.36],[922.4046]
[647.704],[676.97534]
[1176.7483],[1157.499]
[935.6127],[909.54407]
[1066.251],[1088.9716]
[1268.208],[1408.2194]
[845.3027],[825.27814]
[1162.2673],[1176.7434]
[928.5257],[918.66675]
[837.324],[846.5239]
[1179.3376],[1145.6764]
[684.5517],[683.4158]
[841.415],[860.4785]
[762.016],[761.6431]
[1092.3057],[1054.4004]
[955.38135],[989.4316]
[870.321],[959.53906]
[674.869],[663.5083]
[1755.2086],[1550.303]
[665.86536],[686.29956]
[1479.1333],[1434.9663]
[833.3227],[835.11334]
[753.706],[761.0086]
[852.23267],[917.8822]
[767.196],[776.0018]
[1021.1663],[1037.4736]
[1147.516],[1140.9471]
[1314.1606],[1271.9554]
[822.903],[787.17224]
[1234.3783],[1298.5045]
[689.10864],[664.66614]
[788.844],[803.2414]
[861.7293],[838.4263]
[1097.319],[1095.9462]
[1337.616],[1325.7351]
[1318.3276],[1394.596]
[1347.5876],[1372.0966]
[919.34],[967.6919]
[1014.11066],[1047.1583]
[678.783],[672.30255]
[1033.1787],[1017.21185]
[1259.218],[1171.6531]
[836.735],[830.996]
[1292.4667],[1356.8253]
[1056.8167],[1063.4357]
[1076.9833],[1068.4044]
[1291.626],[1358.8234]
[1196.7336],[1183.693]
[1100.1244],[1135.0782]
[1276.3486],[1292.4603]
[989.37634],[955.704]
[1071.447],[1042.2485]
[940.3283],[935.0786]
[897.45764],[892.50256]
[834.108],[893.5171]
[1417.2523],[1410.4122]
[825.5253],[773.0241]
[733.92065],[707.8219]
[1148.1044],[1184.0292]
[1146.0193],[1162.297]
[730.18365],[731.3355]
[631.07434],[648.216]
[777.035],[744.2669]
[987.808],[1091.517]
[859.0057],[864.7896]
[794.029],[806.99164]
[1003.415],[1008.87866]
[1514.1077],[1468.0288]
[750.7233],[728.6222]
[979.0783],[1012.1588]
[1382.943],[1454.3309]
[770.489],[749.0493]
[1197.2097],[1240.169]
[906.1247],[904.65204]
[1182.9137],[1150.2734]
[695.739],[687.70483]
[920.05865],[907.6499]
[907.036],[1010.5923]
[1126.6624],[1129.2849]
[1092.395],[1103.3523]
[942.9977],[960.68634]
[1014.85236],[1028.3717]
[759.2817],[781.0979]
[1208.2604],[1183.4514]
[1117.4803],[1115.468]
[731.076],[760.93365]
[708.17633],[674.0383]
[1241.1194],[1364.8547]
[1147.913],[1240.5062]
[849.05865],[848.28143]
[1312.562],[1106.7455]
[1100.9486],[1101.6051]
[1212.0907],[1132.75]
[852.983],[849.92804]
[1944.5663],[1552.9431]
[1210.6506],[1213.8022]
[970.582],[972.8269]
[954.359],[978.7733]
[1076.437],[1069.296]
[869.614],[945.8826]
[782.0867],[848.9639]
[1178.412],[1251.5612]
[777.951],[745.4243]
[736.3357],[724.065]
[1355.8567],[1355.387]
[1150.2444],[1092.3198]
[1154.5327],[1216.9509]
[936.4763],[939.7571]
[1009.1983],[970.2637]
[951.52167],[938.06134]
[1087.633],[1105.4427]
[1141.6073],[1141.6505]
[808.11633],[853.12805]
[728.554],[698.91406]
[1082.9337],[1124.3057]
[1024.6036],[1015.634]
[1164.4623],[1221.1005]
[1062.274],[1014.2012]
[964.30566],[975.08594]
[815.97266],[764.1197]
[663.3593],[678.11035]
[705.361],[772.4702]
[1079.954],[1100.0353]
[1005.34033],[1023.65283]
[1273.7454],[1227.2737]
[943.4817],[986.03296]
[967.455],[954.8719]
[979.06],[961.5856]
[1025.0667],[1013.37476]
[783.1647],[762.04205]
[1331.753],[1339.2079]
[1091.1967],[1091.1294]
[1058.129],[1049.0808]
[1117.0127],[1096.174]
[893.74335],[865.2955]
[668.4533],[658.91486]
[1156.3463],[1134.6451]
[949.79736],[961.12427]
[701.29865],[671.85236]
[973.1567],[952.7593]
[857.7087],[898.3691]
[1153.0306],[1145.1421]
[1258.696],[1208.7646]
[1182.78],[1202.009]
[713.9273],[726.8599]
[1355.8717],[1354.0128]
[886.88934],[913.10425]
[1372.0353],[1307.2568]
[1049.1593],[1083.4994]
[781.4277],[779.8031]
[1107.2677],[1096.5647]
[1537.079],[1549.8252]
[662.27136],[674.58563]
[1118.303],[1015.8362]
[1265.2246],[1304.9381]
[878.596],[848.36676]
[1116.4773],[1094.3091]
[869.0363],[869.4239]
[754.774],[780.8718]
[1026.3546],[1069.4387]
[985.03436],[960.9864]
[781.0463],[789.8152]
[1182.9867],[1210.2495]
[853.88],[840.7294]
[739.41766],[678.8798]
[1086.944],[1087.1655]
[956.599],[978.74005]
[1270.8203],[1378.7072]
[817.71564],[891.53546]
[1243.3604],[1281.4135]
[1083.7477],[1046.4755]
[953.51764],[983.6531]
[865.3957],[898.88586]
[912.93665],[997.87494]
[869.939],[924.05444]
[705.85266],[719.89056]
[1310.4553],[1386.3942]
[1152.564],[1103.6254]
[644.03265],[653.04315]
[1232.5237],[1143.2667]
[1052.1437],[1084.4633]
[885.6403],[900.54626]
[1045.964],[1109.1]
[923.85834],[917.35425]
[895.99567],[920.16284]
[1027.6943],[998.59607]
[884.70166],[862.6067]
[1185.584],[1238.5947]
[966.7247],[998.82]
[1430.2433],[1398.0497]
[1248.7273],[1290.7014]
[923.72833],[886.2964]
[832.89136],[825.26495]
[1041.019],[1021.7641]
[1105.1924],[1108.4868]
[953.0203],[980.1746]
[935.71564],[940.8288]
[961.38666],[1027.091]
[1173.509],[1204.9968]
[753.0987],[695.0925]
[780.228],[790.39496]
[1000.482],[857.2753]
[937.271],[983.3593]
[850.918],[807.6758]
[1337.1597],[1386.6847]
[1296.8667],[1304.8307]
[1544.173],[1553.3606]
[669.664],[678.5687]
[961.9033],[979.16907]
[754.87164],[757.1217]
[858.682],[832.3349]
[912.74036],[942.07745]
[1110.263],[1019.32104]
[990.138],[1007.5958]
[859.875],[868.2431]
[846.903],[881.8752]
[850.3493],[843.3218]
[933.82635],[948.0901]
[1091.9857],[1156.3423]
[1405.2677],[1447.3583]
[785.12134],[832.6058]
[864.90967],[855.5981]
[1183.4463],[1218.8993]
[803.2657],[820.4848]
[1100.4717],[1091.9392]
[817.2443],[785.32983]
[862.5263],[917.5159]
[762.21],[784.86847]
[1024.523],[1011.6252]
[1814.4243],[1552.9059]
[1097.332],[1046.4564]
[844.20465],[792.60706]
[986.60736],[997.5558]
[767.066],[745.44305]
[862.5933],[840.18365]
[1226.6007],[1179.0114]
[734.1713],[729.3157]
[1047.9114],[1022.6782]
[976.0727],[964.3585]
[1184.93],[1153.3904]
[1109.974],[1059.4817]
[773.9743],[793.32294]
[990.1127],[1010.463]
[1054.9403],[1030.7188]
[909.22266],[948.7369]
[835.41736],[847.12195]
[995.19867],[903.58704]
[813.726],[805.8846]
[1308.3977],[1269.3413]
[1173.703],[1145.9744]
[948.034],[1033.967]
[963.679],[1014.8483]
[643.6693],[661.5197]
[690.656],[693.8191]
[716.28766],[710.3434]
[695.62665],[678.5795]
[982.99567],[1015.39386]
[1105.8956],[1088.695]
[1022.0103],[1004.0128]
[1256.1897],[1312.7064]
[694.405],[677.7487]
[685.35333],[665.04254]
[1062.387],[1076.1809]
[901.7233],[943.03015]
[922.196],[922.57697]
[1264.4143],[1144.1205]
[886.0387],[908.01434]
[1127.9697],[1202.5839]
[829.3517],[819.9099]
[1337.0453],[1316.5211]
[722.97565],[741.71173]
[1135.5647],[1143.4166]
[1206.3987],[1192.6147]
[919.01],[935.0152]
[775.852],[796.51855]
[1267.5177],[1204.8917]
[1110.7966],[1084.4836]
[1241.51],[1288.2076]
[741.60065],[719.21686]
[1125.885],[1099.2925]
[789.50464],[783.432]
[1105.15],[1089.946]
[917.333],[929.3978]
[953.31464],[951.0737]
[1303.8197],[1305.2151]
[1075.531],[1067.4028]
[1211.9103],[1164.4706]
[858.65234],[881.3938]
[986.022],[974.8476]
[761.44666],[767.10016]
[1052.675],[1091.1567]
[1094.3016],[1115.8304]
[1109.779],[1178.1547]
[1068.4937],[1164.5673]
[1250.0907],[1289.1467]
[662.3727],[661.6803]
[766.0333],[815.2809]
[652.52734],[657.119]
[1162.26],[1116.5104]
[632.371],[659.5723]
[701.592],[671.79553]
[785.552],[774.6193]
[1010.658],[1050.0046]
[1209.1],[1255.6434]
[910.643],[923.07263]
[898.63135],[916.6509]
[808.558],[889.40936]
[679.10535],[681.0027]
[1017.58435],[1041.6653]
[895.81934],[858.11707]
[1018.2237],[1023.9066]
[1069.5576],[1117.3704]
[1127.8544],[1094.388]
[829.3353],[827.07855]
[901.65735],[904.83765]
[818.65735],[788.924]
[1042.4376],[1172.9363]
[1138.0427],[1182.5507]
[834.4133],[793.5485]
[1013.9847],[987.17365]
[1053.111],[1027.5348]
[860.24866],[832.704]
[728.394],[689.3352]
[1263.701],[1258.1857]
[1248.5156],[1256.5206]
[1117.7433],[1159.8092]
[1402.0297],[1336.4286]
[964.68665],[931.2413]
[737.9977],[712.1909]
[934.746],[913.14453]
[745.491],[793.82385]
[704.0023],[677.98047]
[1075.088],[1078.9309]
[1162.7887],[1069.4735]
[1046.2134],[1058.3505]
[1187.8777],[1141.3127]
[623.09064],[679.5808]
[1026.738],[969.5902]
[1063.0337],[1081.1017]
[878.618],[919.3354]
[1251.994],[1275.7069]
[1388.293],[1351.7025]
[986.93],[968.7733]
[956.4013],[948.1598]
[891.1097],[902.53955]
[679.649],[679.43365]
[1019.7427],[1023.16046]
[1701.7716],[1553.3961]
[818.53064],[868.0453]
[1266.8796],[1238.3473]
[1032.23],[1009.46405]
[984.195],[978.4942]
[687.142],[650.1653]
[731.9817],[736.7023]
[1408.637],[1452.3344]
[1124.8276],[1102.3416]
[1264.3253],[1250.771]
[1187.889],[1294.5175]
[937.741],[973.6259]
[1182.6556],[1178.788]
[1500.98],[1553.0364]
[669.3077],[651.5431]
[999.686],[977.97906]
[1256.6017],[1233.3041]
[1200.957],[1137.4886]
[1273.6157],[1275.1556]
[728.4017],[696.7917]
[912.87164],[941.89667]
[1165.5967],[1175.0321]
[864.05334],[845.16095]
[1215.693],[1228.6033]
[1232.289],[1148.9246]
[748.20667],[744.8087]
[958.227],[984.6736]
[1202.3557],[1151.0925]
[1144.7134],[1161.6891]
[1079.8103],[1036.0435]
[817.987],[785.3885]
[1091.49],[1087.0238]
[889.25165],[942.27216]
[767.3627],[766.68964]
[914.918],[933.5137]
[775.222],[802.03595]
[1018.262],[1010.80237]
[793.149],[853.0273]
[739.5367],[709.5713]
[644.36536],[634.3691]
[768.285],[795.09094]
[672.6663],[645.5222]
[1052.1757],[1061.3257]
[792.7707],[771.10596]
[944.58435],[956.7205]
[1266.1466],[1220.0726]
[928.46265],[928.6735]
[1068.054],[1095.6044]
[882.133],[868.81506]
[733.003],[796.59296]
[829.97766],[896.45465]
[1376.0703],[1552.8542]
[889.7267],[822.1413]
[1489.681],[1553.3589]
[1160.647],[1179.4161]
[1500.6354],[1552.0386]
[1036.1553],[1078.0712]
[734.301],[679.03345]
[897.6143],[986.7247]
[1268.68],[1413.0526]
[1132.3436],[1191.0724]
[840.7393],[859.5884]
[882.9603],[944.0242]
[1104.8846],[1136.5697]
[1099.712],[1067.0627]
[1006.68536],[1039.2095]
[1203.9183],[1186.7468]
[1199.2404],[1233.2637]
[676.00433],[633.47034]
[1143.7117],[1140.6724]
[847.7817],[833.91565]
[908.7887],[908.7694]
[1589.4147],[1515.3882]
[949.24835],[923.9848]
[639.72],[667.5093]
[943.6513],[980.2638]
[1408.0063],[1409.5167]
[784.2393],[859.94135]
[773.6377],[831.4074]
[812.05566],[801.23785]
[1353.5173],[1418.0292]
[745.94],[764.9762]
[996.11334],[961.405]
[1061.328],[1130.8843]
[950.197],[1039.4235]
[696.19666],[703.91266]
[1120.0767],[1138.3793]
[780.866],[774.27203]
[745.1777],[737.55743]
[898.925],[948.8473]
[827.15533],[817.3785]
[1101.9484],[1115.918]
[737.908],[760.90686]
[1077.636],[1130.59]
[1707.8187],[1553.1383]
[1116.9907],[1127.1]
[718.82166],[721.38477]
[1425.7273],[1505.813]
[792.389],[739.10425]
[1279.0177],[1292.4366]
[788.626],[782.55707]
[855.0207],[816.92566]
[764.279],[697.25195]
[1211.2184],[1270.5543]
[1149.9534],[1122.4541]
[1093.9634],[1114.2283]
[1011.0497],[1016.35876]
[826.35034],[840.6492]
[761.1117],[790.40265]
[712.2733],[712.43494]
[979.4607],[1056.0493]
[1112.2244],[1126.9296]
[1031.701],[1040.8387]
[827.875],[837.2968]
[795.306],[802.32825]
[1065.9904],[1227.3206]
[1401.8213],[1373.835]
[877.956],[906.41754]
[799.45233],[825.395]
[1078.6423],[1068.411]
[950.5003],[954.3075]
[695.246],[714.4406]
[1045.5374],[1068.1101]
[904.33466],[920.233]
[1046.128],[990.45526]
[1041.878],[1054.4606]
[1117.334],[1084.0428]
[848.613],[816.42]
[698.56433],[749.4139]
[800.172],[806.76074]
[818.0653],[808.98535]
[1016.47736],[963.2063]
[845.03],[857.71484]
[1180.8247],[1228.2676]
[1343.7067],[1418.9692]
[1082.7286],[1062.5011]
[1238.5487],[1231.2122]
[783.52264],[760.1879]
[1075.579],[1077.0305]
[1002.3307],[1011.2412]
[1031.428],[1123.3845]
[711.876],[647.3417]
[711.6617],[677.2367]
[812.5337],[833.679]
[1113.3846],[1101.8508]
[1412.0187],[1455.2499]
[1060.949],[1022.9226]
[870.59467],[919.4508]
[812.52734],[797.3795]
[1212.3517],[1278.2452]
[772.6927],[759.89514]
[960.12335],[962.0822]
[1041.0283],[1082.017]
[965.40533],[962.5932]
[811.50934],[830.8209]
[1012.727],[985.3569]
[958.017],[921.1703]
[746.26166],[708.2239]
[829.9147],[862.357]
[957.4607],[947.16626]
[1305.4097],[1286.3232]
[780.2687],[744.2077]
[1000.193],[1028.403]
[1287.0537],[1277.7147]
[668.96967],[634.5599]
[1326.399],[1303.0459]
[1006.6957],[1038.7682]
[868.9507],[884.58936]
[855.214],[914.06085]
[736.766],[717.1393]
[1104.907],[1131.8334]
[1225.4746],[1229.0674]
[841.24866],[827.64844]
[994.527],[954.77435]
[809.00836],[781.9287]
[685.2107],[675.59515]
[828.74335],[827.1689]
[948.919],[990.3387]
[1380.1354],[1404.2651]
[947.80334],[993.45776]
[772.05365],[766.9829]
[744.5263],[745.69104]
[917.8623],[976.7003]
[1223.9707],[1223.9215]
[1216.2134],[1313.4215]
[797.616],[859.4108]
[1420.2253],[1401.6998]
[1565.2346],[1509.1572]
[1048.8484],[987.67017]
[1232.419],[1231.7952]
[985.70264],[978.8394]
[1168.7184],[1157.9977]
[911.68933],[910.2558]
[853.636],[821.1834]
[708.7503],[689.1168]
[775.44666],[838.5839]
[908.44965],[908.2958]
[1149.4347],[1107.5405]
[1089.5293],[1107.7322]
[692.6197],[677.3922]
[1338.517],[1408.2573]
[963.0233],[932.5103]
[892.29236],[881.27106]
[881.94965],[886.95654]
[1071.0834],[1082.1979]
[1200.8236],[1270.0002]
[1689.4313],[1553.087]
[1149.4977],[1146.9116]
[941.521],[977.45074]
[1015.71234],[1053.2794]
[674.79865],[689.5323]
[828.03766],[821.8603]
[1275.468],[1318.888]
[1019.9717],[1024.1085]
[989.26],[1046.6129]
[729.4617],[687.9959]
[1179.449],[1144.5292]
[1061.816],[1076.0358]
[709.678],[686.51215]
[1025.1154],[1089.1378]
[830.4767],[908.761]
[1004.486],[1012.2316]
[1243.956],[1185.2584]
[1011.824],[1035.8982]
[1026.383],[1009.1771]
[1358.4753],[1297.196]
[759.22064],[785.3101]
[1036.5507],[1106.6046]
[1326.6837],[1172.4481]
[1231.7277],[1265.36]
[886.38165],[862.9659]
[1054.5813],[1076.1366]
[1028.128],[1021.8903]
[1052.0013],[1004.0932]
[745.54034],[799.0797]
[1162.1154],[1073.0044]
[1473.847],[1518.8245]
[1337.6837],[1422.0381]
[754.4087],[773.6819]
[1245.518],[1284.439]
[997.726],[924.8824]
[817.476],[826.74524]
[1195.777],[1120.9458]
[775.05634],[766.19977]
[864.162],[817.47614]
[795.5183],[790.64484]
[860.75],[911.1921]
[1036.2877],[1135.4094]
[841.16766],[916.863]
[945.11536],[967.91785]
[1444.7816],[1475.2683]
[1148.9153],[1146.6161]
[1157.9913],[1129.7108]
[695.33734],[710.27026]
[924.62],[900.37897]
[809.07166],[796.55347]
[1276.07],[1222.9004]
[929.7233],[887.2002]
[957.03436],[966.114]
[1301.1813],[1278.764]
[914.3333],[983.8384]
[882.9343],[883.2158]
[967.439],[985.36304]
[1588.3657],[1553.5472]
[1013.054],[985.99786]
[974.9323],[1060.8499]
[700.7053],[725.11926]
[1370.5027],[1383.6879]
[1010.865],[973.8981]
[902.24664],[880.02747]
[1244.4833],[1208.62]
[951.9137],[953.4834]
[730.534],[747.87805]
[996.42633],[1084.9855]
[918.9087],[943.7404]
[1246.2267],[1265.6871]
[1288.6716],[1330.3704]
[925.787],[909.2036]
[926.78467],[974.62683]
[750.83136],[754.0915]
[1036.9883],[1057.9598]
[1369.2933],[1409.6885]
[709.394],[671.9653]
[1301.773],[1338.1055]
[1285.6204],[1323.2413]
[856.1063],[871.09265]
[692.013],[667.8457]
[917.8027],[921.96313]
[832.004],[878.6268]
[917.43665],[938.43976]
[1499.6917],[1470.3594]
[1076.653],[1088.5067]
[1116.427],[1074.698]
[903.99036],[929.5448]
[698.539],[714.2254]
[1152.362],[1149.9147]
[967.682],[1002.9032]
[955.243],[941.42206]
[1078.2593],[1064.0095]
[742.20636],[759.7481]
[782.5003],[816.15155]
[907.58466],[991.82825]
[962.56134],[1012.8641]
[1133.128],[1155.1278]
[773.3437],[762.5847]
[888.67],[936.18646]
[1081.7427],[1081.021]
[793.59033],[786.5984]
[1238.6396],[1551.2435]
[1077.3407],[1054.6627]
[1033.4193],[1017.3066]
[1388.017],[1420.0453]
[829.113],[885.18756]
[1168.0083],[1178.2252]
[971.394],[924.05676]
[1282.8867],[1315.4401]
[708.85736],[684.8684]
[982.27264],[1003.39233]
[1033.6487],[1043.7721]
[1293.9197],[1331.5206]
[1400.1776],[1418.5978]
[927.93066],[889.1021]
[818.612],[786.1767]
[873.68933],[828.5157]
[1004.148],[1015.4815]
[1605.9064],[1553.7003]
[939.578],[976.99243]
[1293.7623],[1309.5449]
[730.0207],[741.7636]
[945.26434],[973.51373]
[957.8623],[934.02563]
[970.4767],[972.7299]
[904.177],[934.0756]
[999.153],[1070.0238]
[779.431],[790.5481]
[1197.9307],[1193.3276]
[1077.1173],[1065.2012]
[920.01935],[944.58923]
[724.13635],[707.413]
[970.6513],[1004.9878]
[1144.015],[1162.1768]
[1499.822],[1553.2905]
[837.1243],[860.6918]
[1007.2493],[984.4529]
[795.6647],[795.11304]
[1215.1173],[1052.1619]
[1120.937],[1167.58]
[1531.5297],[1553.5332]
[1326.8263],[1351.9745]
[999.98334],[1009.70374]
[815.263],[832.40894]
[1109.2184],[1130.0853]
[1031.8613],[1099.8218]
[788.268],[877.20636]
[788.5673],[800.338]
[1268.98],[1306.6265]
[1278.0977],[1299.0378]
[1143.869],[1132.3647]
[1310.2217],[1185.49]
[870.168],[913.234]
[1721.6273],[1553.276]
[1350.3444],[1419.318]
[763.098],[796.8397]
[858.61835],[850.6334]
[822.78766],[837.754]
[1081.1013],[1047.087]
[919.54],[963.4293]
[821.9217],[799.326]
[741.7707],[753.922]
[1019.1177],[1018.7948]
[940.038],[943.2904]
[1383.841],[1384.9047]
[1226.8076],[1285.1771]
[860.265],[845.30286]
[948.7523],[944.68274]
[788.2377],[763.2241]
[955.576],[954.2139]
[1412.5077],[1318.3079]
[990.79266],[1021.166]
[982.05634],[1000.673]
[753.5187],[761.82367]
[1080.1816],[1048.5316]
[920.21564],[938.05444]
[1075.7803],[1063.7367]
[1046.083],[1062.0482]
[1558.244],[1553.0049]
[1056.4137],[1073.0564]
[983.9863],[1132.9391]
[877.74664],[938.1097]
[829.97864],[794.116]
[1246.4927],[1132.6129]
[805.9017],[804.7881]
[877.4373],[821.65186]
[850.11536],[908.7523]
[802.599],[813.19434]
[679.1373],[674.61194]
[896.83136],[926.65265]
[939.8753],[955.2278]
[1042.6487],[1108.4276]
[1154.3846],[1209.5554]
[810.08264],[868.63745]
[1408.6527],[1499.4202]
[947.97766],[975.9784]
[1338.613],[1326.2543]
[1116.7814],[1132.109]
[982.509],[996.7618]
[883.2133],[865.5775]
[888.4037],[893.18097]
[996.708],[1072.3157]
[870.10834],[780.0089]
[894.06067],[932.1882]
[676.1487],[676.5888]
[1020.6067],[1031.6498]
[1195.6354],[1141.8484]
[1098.0514],[1118.9601]
[887.15564],[914.75073]
[1315.3947],[1425.8402]
[1134.0693],[1083.8352]
[1267.29],[1238.8406]
[837.4147],[823.62427]
[1473.2823],[1539.412]
[709.136],[685.2744]
[1081.8744],[1076.9337]
[702.65234],[680.3167]
[905.292],[818.5185]
[1191.34],[1164.6368]
[1514.55],[1553.5614]
[1067.8444],[1161.6324]
[965.39636],[941.0554]
[1209.9376],[1180.7642]
[1186.2086],[1219.0942]
[1153.3427],[1123.4379]
[935.0267],[1033.4401]
[1216.5073],[1236.4915]
[813.41864],[800.0589]
[798.5867],[782.9801]
[1275.2396],[1366.628]
[840.941],[821.23737]
[970.57666],[992.4467]
[908.961],[889.2909]
[748.016],[703.9218]
[845.1127],[801.34875]
[1090.06],[1204.0511]
[1184.1903],[1224.9205]
[1397.856],[1439.5902]
[832.5027],[870.80493]
[951.495],[991.4553]
[620.527],[662.3593]
[747.79834],[680.4015]
[732.04736],[813.17096]
[1098.799],[1157.2843]
[846.2633],[882.1253]
[1129.265],[1117.7603]
[1455.5643],[1411.8395]
[1162.9663],[1149.8188]
[985.94135],[934.9726]
[973.535],[948.3347]
[1171.3544],[1122.7401]
[1245.3817],[1276.0414]
[1455.357],[1385.3752]
[769.2443],[802.2513]
[950.4867],[998.15717]
[740.254],[746.7262]
[994.55566],[970.7588]
[924.005],[921.2156]
[1034.5557],[1061.589]
[1286.674],[1255.6906]
[1232.2533],[1243.244]
[1013.5523],[1063.4308]
[744.357],[744.82495]
[1390.5963],[1442.6514]
[1353.2587],[1389.545]
[1177.234],[1245.4768]
[680.96564],[717.93713]
[1148.5306],[1164.6195]
[763.0963],[777.9046]
[1148.6664],[955.4417]
[975.979],[1010.00354]
[803.93036],[818.11127]
[1286.0443],[1365.646]
[1099.161],[1019.4297]
[1110.048],[1140.8823]
[970.779],[971.7111]
[1384.9937],[1445.6793]
[921.67566],[873.9483]
[973.63666],[962.25256]
[1072.3394],[1062.012]
[932.1],[917.08484]
[1123.2974],[1091.8447]
[961.7237],[996.71326]
[896.0397],[856.51294]
[743.9533],[761.00256]
[826.62335],[817.5145]
[1007.89435],[1037.2131]
[1011.573],[1132.2987]
[1029.7227],[1059.946]
[1330.3823],[1358.5375]
[1026.7317],[1051.6356]
[739.60834],[736.45447]
[1452.035],[1550.1842]
[1044.4197],[1026.8969]
[876.60767],[862.8523]
[822.47235],[801.5113]
[1126.298],[1104.9967]
[905.00867],[912.4402]
[972.326],[969.978]
[1174.0826],[1172.799]
[942.1223],[972.8109]
[1268.1664],[1337.8657]
[703.14764],[702.2015]
[1049.23],[1079.2255]
[1229.8633],[1217.0177]
[1093.247],[1125.9033]
[869.8307],[905.0962]
[1006.793],[1001.73926]
[1499.492],[1508.2523]
[923.831],[950.88495]
[1375.2227],[1445.1646]
[1238.445],[1296.5719]
[664.317],[672.63794]
[1265.173],[1210.6333]
[1043.3097],[1088.8783]
[1270.2157],[1232.6394]
[860.1927],[959.3945]
[739.7167],[719.45807]
[911.27936],[930.28845]
[616.574],[648.3195]
[918.62933],[947.2299]
[1370.5297],[1388.2075]
[1408.434],[1352.1459]
[1183.0297],[1156.6708]
[1203.2643],[1161.8564]
[991.4843],[1012.1651]
[1087.865],[1029.4689]
[1129.5557],[1128.564]
[1133.7076],[1130.6619]
[835.13934],[807.8771]
[1117.4647],[1113.6682]
[797.1067],[763.4242]
[713.7267],[708.9985]
[1510.2383],[1489.4718]
[793.48236],[790.58044]
[1067.574],[1066.7012]
[864.93634],[960.69635]
[1042.1437],[1081.0217]
[1182.9844],[1193.5625]
[937.552],[981.6571]
[1038.383],[1058.589]
[703.185],[725.7245]
[1171.337],[1093.2104]
[958.96],[979.1895]
[822.605],[796.66327]
[1191.286],[1210.0161]
[897.698],[916.65594]
[1206.5123],[1211.8116]
[801.6563],[791.0343]
[1118.1094],[1116.4669]
[1202.0786],[1176.9452]
[1194.068],[1158.746]
[853.238],[896.90643]
[835.651],[781.736]
[994.1797],[964.26385]
[1025.749],[1048.122]
[979.2757],[912.7622]
[896.12964],[886.375]
[992.3983],[1030.363]
[853.741],[897.19904]
[894.786],[924.81946]
[726.825],[700.8373]
[1470.08],[1553.4082]
[669.69434],[638.83136]
[761.5023],[740.61926]
[975.10834],[981.43976]
[700.84564],[712.70526]
[718.43],[690.6189]
[849.785],[836.86694]
[876.8093],[893.2019]
[1114.3893],[1096.8975]
[1156.7134],[1165.5282]
[725.42],[775.2042]
[972.23267],[938.85913]
[1223.1437],[1191.1511]
[1249.673],[1305.6154]
[815.86664],[787.96014]
[1088.4694],[1080.2037]
[1196.374],[1174.7255]
[790.8157],[750.02277]
[680.1747],[660.0133]
[1164.458],[1290.2385]
[713.82],[707.4607]
[1063.7563],[1103.002]
[1218.3867],[1128.7058]
[1028.0476],[1024.2001]
[1154.4137],[1187.9526]
[704.834],[699.03394]
[886.0077],[891.5694]
[669.665],[677.8875]
[1081.1603],[1097.1979]
[1498.265],[1390.9835]
[1310.1523],[1390.0284]
[1337.605],[1359.8008]
[732.2657],[734.09326]
[1071.361],[1097.7203]
[1178.0894],[1133.892]
[882.01636],[884.1932]
[892.53766],[946.14197]
[1040.734],[948.6029]
[1051.662],[1048.048]
[897.80365],[953.4385]
[752.6483],[734.39355]
[1284.5006],[1309.3002]
[820.099],[805.9761]
[800.022],[812.3401]
[948.00366],[934.1929]
[837.069],[835.9926]
[836.005],[830.2955]
[1054.3817],[1099.4194]
[1202.4486],[1205.019]
[1031.9053],[1011.2438]
[970.221],[1048.2073]
[851.0787],[821.47186]
[795.72736],[768.27594]
[702.39966],[695.9277]
[825.8207],[845.09424]
[1181.5957],[1170.047]
[1104.2036],[1107.0845]
[700.5703],[677.60516]
[1094.2966],[1094.434]
[1300.6427],[1314.1559]
[1139.325],[1124.5983]
[787.64136],[803.0984]
[768.977],[743.71796]
[971.23065],[991.5982]
[915.45233],[908.81494]
[1032.9413],[1079.391]
[1095.759],[1101.3663]
[951.1097],[914.4841]
[791.31964],[719.8484]
[1035.885],[1063.4287]
[804.073],[791.0427]
[869.74536],[855.3292]
[992.0997],[1022.12573]
[874.46466],[866.3434]
[1068.5414],[1083.0856]
[701.384],[705.6169]
[1205.1523],[1225.3014]
[809.31366],[897.4654]
[809.6277],[779.041]
[1476.5634],[1469.9126]
[902.39667],[924.73584]
[1251.4573],[1212.5742]
[801.92834],[817.026]
[1443.9053],[1454.6444]
[1239.5876],[1313.841]
[813.69366],[787.0562]
[816.96564],[841.36383]
[729.5463],[707.97595]
[1507.325],[1516.1621]
[1088.9883],[1090.9355]
[1083.7286],[1093.5869]
[816.767],[784.27405]
[1101.1917],[1102.6567]
[1090.387],[1119.5404]
[872.7187],[841.7797]
[854.79736],[874.011]
[861.759],[872.53436]
[977.22064],[990.84576]
[741.1743],[698.09955]
[1022.0803],[944.9046]
[1340.3596],[1336.3553]
[708.1823],[717.86]
[812.0467],[764.3358]
[919.63336],[926.44586]
[894.92365],[860.0982]
[990.677],[1013.2222]
[1045.783],[1049.0569]
[702.52466],[690.893]
[1655.5167],[1553.4683]
[845.48],[814.0146]
[1072.297],[1068.3689]
[817.44434],[824.15405]
[832.746],[824.62836]
[1040.517],[1084.7142]
[732.15234],[745.51227]
[677.52234],[664.6628]
[879.187],[892.1509]
[1235.4064],[1266.4675]
[759.03467],[720.9908]
[993.07434],[1012.855]
[1146.9967],[1103.9664]
[668.761],[680.20557]
[1156.4723],[1181.624]
[1485.0387],[1547.0453]
[882.334],[889.8755]
[907.725],[903.9702]
[661.247],[664.12836]
[937.104],[982.7637]
[1144.9973],[1162.2699]
[1138.3767],[1126.8079]
[1009.209],[1032.7869]
[682.893],[655.4802]
[1032.8336],[1043.3591]
[702.655],[666.9971]
[1312.1437],[1260.624]
[1071.301],[1010.4857]
[921.984],[915.523]
[1101.855],[1126.7183]
[909.5157],[916.8055]
[1338.118],[1236.0366]
[1708.2974],[1553.296]
[1280.086],[1242.9426]
[916.92365],[963.4109]
[1230.4854],[1253.606]
[1044.5707],[1040.3948]
[1294.5497],[1295.481]
[968.57965],[978.2114]
[1174.6884],[1161.0645]
[1029.8167],[1068.858]
[797.5313],[788.66144]
[1034.0424],[913.6527]
[876.352],[887.34174]
[788.676],[783.9848]
[1073.3677],[1066.8898]
[1224.0254],[1247.953]
[720.228],[679.00946]
[1239.7446],[1259.6567]
[1155.282],[1217.8477]
[1142.9366],[1098.9049]
[1115.0897],[1087.9751]
[1142.3184],[1089.3318]
[1067.2706],[1065.7372]
[971.71564],[930.5803]
[1024.4547],[1010.322]
[970.72235],[975.39056]
[793.89667],[730.89197]
[982.73035],[988.4835]
[994.13934],[985.61316]
[783.10065],[785.39557]
[1591.6117],[1551.6029]
[935.862],[968.1963]
[793.5863],[815.28265]
[1060.1187],[1050.1337]
[1094.769],[1192.131]
[749.709],[716.8044]
[1095.43],[1069.489]
[747.59735],[783.3848]
[947.954],[990.90295]
[807.101],[864.35626]
[762.1767],[763.1002]
[870.45435],[847.5175]
[1228.833],[1252.6473]
[842.108],[852.52576]
[792.519],[857.3979]
[1036.479],[1015.71063]
[761.6373],[720.4317]
[1137.7787],[1201.0652]
[827.0653],[789.11096]
[1006.496],[918.4745]
[903.28235],[915.6625]
[959.8367],[967.29126]
[871.9163],[857.92004]
[1026.3846],[1031.363]
[1360.8147],[1314.4043]
[922.743],[917.77826]
[789.043],[754.4028]
[895.0597],[962.9285]
[1219.274],[1177.1512]
[963.49066],[957.50665]
[1148.4727],[1135.5416]
[958.00336],[967.77014]
[1236.2504],[1223.0618]
[1172.172],[1169.5706]
[937.57666],[970.37787]
[708.547],[706.0248]
[782.981],[783.66754]
[853.726],[871.4639]
[734.678],[752.98975]
[1165.5004],[1212.8721]
[845.12665],[817.9991]
[961.58435],[981.7775]
[692.4867],[704.3711]
[783.6273],[841.8436]
[1059.533],[1093.5586]
[1212.4004],[1184.043]
[1064.2903],[1033.4586]
[1196.5293],[1204.0354]
[1120.0377],[1092.8058]
[916.35535],[963.2089]
[1085.957],[1095.0424]
[1206.0214],[1240.0095]
[1466.0713],[1553.0714]
[819.9147],[928.12195]
[631.064],[649.01685]
[771.95636],[836.3595]
[1070.6523],[1056.2043]
[945.29],[914.13]
[1032.9736],[1018.61206]
[906.87366],[973.0055]
[838.89233],[797.6321]
[1310.7604],[1330.624]
[811.68164],[762.1569]
[1194.0447],[1178.8503]
[648.53766],[730.37085]
[1421.9474],[1429.4618]
[972.9847],[1026.2517]
[928.37067],[943.6016]
[1014.6357],[970.72217]
[1184.741],[1193.2363]
[686.31665],[667.35626]
[763.0123],[764.70337]
[1237.8923],[1277.8477]
[1147.1296],[1132.5898]
[1008.137],[1023.3082]
[650.9843],[655.58545]
[876.0673],[872.7892]
[698.677],[707.2982]
[973.451],[984.9817]
[1085.9634],[1099.6423]
[931.9993],[998.79425]
[1055.349],[1044.9348]
[923.8807],[849.6222]
[863.1583],[871.5211]
[776.99335],[697.9495]
[1393.451],[1384.7826]
[900.69],[885.6487]
[1022.254],[971.81323]
[797.0707],[794.6308]
[627.7963],[612.6485]
[908.641],[955.9127]
[651.339],[625.36304]
[1211.1483],[1204.3115]
[1136.351],[1104.2985]
[1111.667],[1124.442]
[1183.1707],[1216.1884]
[773.08765],[756.31665]
[869.515],[861.9832]
[1025.481],[1020.49304]
[848.509],[807.27454]
[695.89764],[670.9202]
[1099.701],[1110.6932]
[713.419],[709.58185]
[1095.5114],[1093.4172]
[1247.179],[1116.934]
[778.9873],[799.05786]
[1107.8817],[1132.9487]
[1310.3344],[1321.0248]
[846.9737],[904.7933]
[830.5523],[837.3376]
[1265.138],[1253.1652]
[1187.7543],[1196.8964]
[825.07434],[890.9705]
[960.61536],[954.59753]
[1077.689],[1089.2406]
[710.48535],[676.5256]
[665.78033],[672.95593]
[991.4893],[963.0393]
[1235.2864],[1284.2341]
[1122.6917],[1143.735]
[1154.247],[1112.1772]
[874.18567],[907.599]
[587.67236],[598.4654]
[1098.8097],[1082.5735]
[980.9167],[1037.4913]
[1473.923],[1552.4193]
[1397.516],[1433.2842]
[1010.01764],[996.6957]
[1195.125],[1254.5956]
[995.51166],[978.00543]
[957.8093],[973.50446]
[870.29333],[985.746]
[1153.1136],[1222.6913]
[1001.02765],[979.8727]
[1174.4114],[1212.9745]
[1061.369],[1066.0724]
[815.3337],[786.1537]
[1135.475],[1122.4252]
[787.2247],[782.77466]
[817.7993],[803.5922]
[810.59033],[779.1085]
[898.2683],[891.6775]
[1011.75836],[965.952]
[875.795],[885.3493]
[882.585],[941.02966]
[680.888],[676.9975]
[890.79236],[910.91925]
[960.58264],[989.66907]
[841.731],[809.31146]
[856.0363],[842.7251]
[943.471],[1020.4983]
[911.34436],[946.75854]
[800.53766],[772.72815]
[1013.558],[997.03156]
[1028.556],[979.2537]
[815.84265],[841.94904]
[1193.7816],[1198.7471]
[1036.7024],[1055.2225]
[1189.6953],[1224.5172]
[893.9993],[946.60406]
[862.09467],[842.5493]
[849.596],[797.3453]
[1418.7537],[1498.4064]
[894.993],[900.2906]
[1308.1273],[1403.0151]
[649.315],[617.9293]
[690.87],[674.6532]
[1053.7947],[1013.2114]
[1196.25],[1100.8517]
[1420.3103],[1522.0499]
[1161.5356],[1179.5493]
[1534.1733],[1470.5559]
[725.775],[719.1827]
[859.517],[826.6398]
[978.0593],[1069.4138]
[1060.4214],[1083.7931]
[1296.4517],[1374.4045]
[1034.9023],[1040.7924]
[1285.489],[1388.3551]
[790.113],[768.7513]
[845.11],[848.34735]
[1474.4536],[1490.0051]
[786.5003],[799.7702]
[832.2503],[872.64105]
[1213.6354],[1191.2103]
[1044.1733],[1117.0284]
[870.85065],[843.70703]
[1128.3427],[1141.7365]
[1046.6913],[1083.253]
[894.31836],[924.0498]
[898.459],[930.63605]
[888.21564],[902.69885]
[715.3467],[690.04755]
[955.0543],[948.1101]
[1382.8917],[1376.7987]
[1003.2343],[1057.1813]
[1199.8646],[1174.2385]
[947.87933],[974.50964]
[916.97534],[962.66815]
[849.79865],[836.8086]
[1324.3394],[1319.5206]
[691.32666],[689.52466]
[975.6377],[967.547]
[789.6713],[836.0097]
[1005.92334],[1055.3568]
[1289.8014],[1356.5271]
[858.64166],[892.2357]
[1339.4376],[1385.0769]
[1403.883],[1483.0558]
[855.7213],[909.7927]
[1037.011],[1122.9211]
[931.79565],[972.58417]
[834.7163],[840.5414]
[948.165],[962.3987]
[1151.7],[1190.0322]
[1367.1986],[1448.2444]
[863.39233],[995.47815]
[895.724],[834.375]
[1161.771],[1076.8649]
[842.30634],[862.3575]
[820.99365],[805.8849]
[816.844],[796.1469]
[1265.198],[1207.4697]
[760.705],[733.76544]
[995.30334],[997.2792]
[979.632],[997.29846]
[1058.22],[1051.2836]
[1249.83],[1213.2877]
[871.14435],[953.47906]
[921.308],[963.55176]
[972.64264],[982.64465]
[828.7637],[813.8191]
[1158.0366],[1130.1368]
[1333.349],[1340.9572]
[1068.7036],[1104.395]
[1022.572],[1023.76434]
[1095.6094],[1095.5072]
[889.83936],[930.0676]
[1216.5903],[1237.5033]
[1171.6483],[1124.9426]
[1291.5114],[1343.1411]
[1051.732],[1092.1903]
[1115.9016],[1137.7261]
[932.7763],[915.5568]
[1002.0127],[1044.3795]
[1235.68],[1300.0289]
[901.0077],[869.1905]
[1397.6487],[1380.6941]
[834.61633],[934.15497]
[839.94867],[815.9296]
[1294.0947],[1283.5195]
[1141.979],[1126.7733]
[955.827],[1002.1795]
[808.4217],[827.89453]
[866.448],[883.7761]
[1150.6333],[1135.5925]
[1132.1707],[1126.2725]
[764.008],[758.0008]
[1379.0803],[1362.4822]
[860.669],[897.2907]
[884.99664],[893.7997]
[900.94434],[871.4446]
[1017.28436],[1056.9468]
[1180.314],[1182.1503]
[958.89435],[984.3175]
[905.35736],[931.1175]
[922.732],[928.6488]
[796.9817],[829.1581]
[786.677],[811.3154]
[1276.096],[1326.392]
[738.034],[740.935]
[1189.385],[1138.8654]
[802.7963],[820.74414]
[985.072],[966.5581]
[916.1503],[1023.614]
[984.80664],[991.32227]
[1174.869],[1162.27]
[842.7423],[837.5891]
[760.76434],[805.0102]
[733.6663],[734.13367]
[922.4217],[925.85864]
[884.0313],[861.5685]
[860.2707],[860.2064]
[750.24036],[683.67847]
[1308.2013],[1273.7189]
[743.9457],[721.0311]
[755.6777],[786.92676]
[973.3017],[1100.8666]
[953.33136],[901.8243]
[1387.4066],[1328.3605]
[1212.4987],[1255.5654]
[784.5413],[791.89545]
[881.33734],[894.79895]
[1192.146],[1187.7059]
[1057.0023],[1030.6855]
[1313.3727],[1183.7506]
[1210.8307],[1162.332]
[1357.24],[1408.7528]
[775.133],[722.94794]
[844.83966],[788.7375]
[743.8887],[806.93353]
[1038.6073],[1013.0781]
[960.1197],[957.5979]
[643.388],[665.0133]
[1208.136],[1211.5898]
[877.77966],[838.8596]
[1424.3384],[1412.4207]
[1468.355],[1353.3406]
[1234.9253],[1195.6492]
[1389.6874],[1502.6049]
[903.0623],[906.9595]
[795.82666],[780.3885]
[1507.552],[1547.1522]
[894.45465],[905.3328]
[829.217],[794.9126]
[1116.1477],[1043.2114]
[958.849],[1042.8368]
[708.047],[703.5084]
[773.90436],[806.5191]
[1144.3627],[1128.1364]
[1081.1387],[1105.5521]
[1149.6447],[1156.1741]
[850.723],[850.6258]
[1262.3326],[1263.5259]
[1151.1036],[1132.5039]
[857.9587],[878.72534]
[1089.2073],[1072.0573]
[1004.0523],[1055.1387]
[1119.6213],[1057.8643]
[967.91235],[1010.2387]
[912.476],[918.19916]
[1315.5453],[1293.6355]
[949.589],[1009.88837]
[757.4613],[823.1675]
[722.19366],[702.95447]
[1000.008],[1035.6929]
[1564.5493],[1553.638]
[1392.4016],[1355.1094]
[798.587],[819.75256]
[1385.1997],[1361.7948]
[666.35034],[663.52155]
[1120.0353],[1193.4806]
[1160.1487],[1173.3628]
[1469.1924],[1394.2146]
[1049.794],[1048.9747]
[1009.7577],[1018.9553]
[633.84436],[639.281]
[922.524],[950.2134]
[1390.85],[1553.5614]
[943.306],[928.78754]
[1177.194],[1177.6086]
[1744.7303],[1553.4491]
[701.366],[721.72546]
[1006.01135],[1007.7906]
[888.114],[876.49304]
[922.73],[918.3511]
[739.588],[750.51483]
[1349.7943],[1384.5295]
[766.212],[765.6024]
[1101.2764],[1158.3251]
[904.072],[934.9455]
[1157.5466],[1133.5289]
[801.267],[824.1375]
[1490.5566],[1553.6957]
[644.31067],[641.74304]
[849.80066],[758.60516]
[1142.4226],[1131.7058]
[1281.1287],[1244.1161]
[1427.3407],[1347.8755]
[1321.032],[1416.2834]
[1061.5717],[1098.8575]
[907.4193],[933.87823]
[1389.2816],[1438.621]
[964.228],[982.81415]
[1379.4786],[1382.0411]
[1130.4153],[1093.2065]
[1119.9896],[1181.5018]
[874.30365],[890.887]
[641.67236],[636.51154]
[1189.255],[1181.5638]
[799.8697],[798.3663]
[1195.7273],[1127.9395]
[1042.695],[1002.859]
[1140.9973],[1168.2643]
[697.059],[647.4748]
[843.72833],[844.71094]
[1412.2303],[1439.8689]
[809.187],[821.09814]
[701.75867],[695.01355]
[1020.66565],[1113.9155]
[651.0133],[652.5474]
[1176.9946],[1224.2783]
[961.306],[1026.1918]
[1035.4807],[1017.3883]
[811.22534],[734.06134]
[946.2603],[884.9971]
[862.42834],[890.5632]
[1037.9594],[1044.8645]
[851.6097],[876.6768]
[1350.4567],[1385.5569]
[803.6537],[793.49]
[1366.7184],[1323.0455]
[978.06335],[1060.839]
[1058.1566],[1064.0901]
[1076.806],[1109.69]
[694.43066],[685.872]
[1057.1553],[1080.9291]
[845.93835],[892.0115]
[1046.2596],[1034.2793]
[1343.5314],[1349.0385]
[1017.53265],[895.58765]
[962.45764],[954.6537]
[877.45636],[975.7641]
[790.973],[783.9445]
[1428.793],[1397.9825]
[699.0233],[685.4443]
[1046.227],[1067.6454]
[1197.839],[1188.8313]
[818.962],[817.0517]
[1242.743],[1273.7915]
[971.3357],[977.61926]
[823.438],[793.68317]
[708.4873],[670.0973]
[638.807],[651.8379]
[830.3823],[833.07074]
[1315.7113],[1299.4475]
[892.1047],[939.65015]
[842.58167],[829.48505]
[630.45667],[658.16077]
[759.00165],[781.35956]
[838.37067],[776.4115]
[586.4633],[607.60046]
[918.339],[974.8032]
[1466.6984],[1553.6007]
[1024.1523],[1039.2305]
[1388.554],[1427.7823]
[1247.8813],[1175.6001]
[1214.8867],[1247.6049]
[1067.727],[1053.0802]
[1091.7866],[1066.7284]
[951.74634],[983.81415]
[1129.6924],[1124.6659]
[757.1403],[819.0852]
[977.983],[1033.5488]
[1114.1036],[1065.5929]
[935.99835],[954.6697]
[1017.56134],[976.92065]
[1226.6356],[1189.7384]
[844.846],[782.54675]
[1058.5353],[1027.4147]
[1021.37836],[982.7326]
[1389.5757],[1373.6893]
[920.9167],[989.34985]
[821.63336],[893.6769]
[1036.7167],[1013.95386]
[1102.5624],[1189.7474]
[1166.7013],[1133.7883]
[750.79364],[729.9095]
[1134.0374],[1112.688]
[806.2263],[811.65]
[777.96936],[803.3017]
[1093.255],[1116.6042]
[770.75867],[784.588]
[976.50433],[1033.3552]
[1002.79034],[1030.5751]
[1488.6083],[1545.9843]
[849.12964],[822.33325]
[867.63434],[901.00024]
[1010.9813],[1003.348]
[843.0577],[866.0558]
[991.54236],[988.34796]
[1605.8964],[1553.6746]
[1556.1],[1553.5532]
[1186.749],[1155.6954]
[1006.661],[1022.71857]
[962.937],[999.2122]
[839.01666],[868.53125]
[1276.4667],[1317.0905]
[1160.1013],[1199.6459]
[890.69165],[912.071]
[1379.9023],[1360.2401]
[694.28265],[669.8056]
[805.1973],[820.45044]
[705.7687],[708.8239]
[861.53436],[927.3176]
[1110.5917],[1131.5415]
[1120.913],[1148.7528]
[1289.8076],[1319.1674]
[921.88934],[914.101]
[761.50336],[787.5335]
[810.531],[803.98334]
[914.647],[935.7324]
[817.083],[817.9868]
[939.81635],[960.9766]
[680.463],[628.5754]
[1315.0033],[1341.9716]
[852.194],[848.2298]
[1149.2186],[1128.4594]
[936.6043],[970.2856]
[1016.77966],[1007.5381]
[1240.6593],[1258.7721]
[869.92365],[907.112]
[1047.845],[1044.5016]
[798.17365],[837.3233]
[1069.058],[1084.9584]
[968.78],[1031.6383]
[1306.4266],[1283.6538]
[700.8877],[691.7204]
[900.456],[891.98987]
[705.529],[675.53955]
[1028.6847],[1050.61]
[1025.9713],[1001.59534]
[825.6537],[833.0624]
[811.049],[834.183]
[823.4683],[806.4754]
[1021.69],[1017.93646]
[1289.5984],[1191.8429]
[868.762],[843.87305]
[756.078],[770.21967]
[851.1633],[950.8097]
[996.7053],[1017.31274]
[963.3903],[969.4013]
[1384.661],[1250.7145]
[692.1843],[693.9013]
[1019.564],[961.4482]
[1167.8683],[1159.81]
[1170.325],[1116.3772]
[797.57166],[907.4828]
[1225.9264],[1264.4718]
[1046.6077],[1080.9666]
[1186.3534],[1176.7864]
[890.204],[905.7131]
[1169.008],[1150.3157]
[718.11365],[682.73773]
[835.31335],[867.7508]
[988.25635],[971.86304]
[802.541],[795.79504]
[1526.8767],[1518.421]
[955.02136],[951.27]
[934.771],[925.47534]
[772.255],[763.2015]
[1094.155],[1100.6089]
[942.1643],[964.2804]
[995.042],[981.7812]
[779.2963],[841.8342]
[1150.6527],[1066.9951]
[829.33],[823.34424]
[859.901],[901.57513]
[712.12866],[668.52435]
[891.71],[840.0147]
[1041.1317],[1034.634]
[1258.907],[1290.2073]
[1255.2937],[1246.7576]
[1385.048],[1401.6289]
[1223.8646],[1193.5378]
[1173.9823],[1199.8956]
[935.443],[939.0758]
[812.35034],[788.2275]
[962.347],[995.9493]
[1170.455],[1170.4583]
[1101.747],[1127.941]
[1011.6567],[991.77734]
[975.995],[984.7565]
[757.38336],[733.37335]
[778.2343],[763.1328]
[1233.96],[1256.8503]
[947.5733],[951.8994]
[809.698],[764.8805]
[1444.832],[1514.989]
[904.6197],[1010.76996]
[815.6587],[845.4326]
[1408.6747],[1363.817]
[879.463],[905.05383]
[1373.174],[1533.642]
[721.359],[718.3542]
[845.88934],[842.8003]
[1065.422],[1049.5128]
[998.7493],[1031.4219]
[1056.4534],[992.5692]
[1270.9493],[1508.7201]
[800.903],[808.2251]
[1391.4137],[1518.6077]
[1090.664],[1093.1107]
[1129.3153],[1113.7622]
[991.45166],[1011.8784]
[888.4713],[884.71924]
[693.75867],[682.0635]
[738.386],[738.5321]
[1024.1984],[1046.3942]
[878.724],[877.4911]
[1484.7903],[1533.3038]
[691.15466],[683.7248]
[761.208],[795.91296]
[862.1513],[832.76355]
[1650.2756],[1553.5519]
[932.689],[948.3648]
[1162.7983],[1076.1873]
[660.3613],[665.5527]
[1085.1813],[1079.8516]
[1501.1974],[1548.1548]
[1258.3423],[1226.2643]
[1140.169],[1125.0953]
[846.11066],[850.31903]
[1310.467],[1350.7944]
[1074.9513],[1120.9384]
[1074.1897],[1078.7402]
[705.452],[658.61456]
[1153.0073],[1260.9833]
[659.5703],[679.2522]
[962.62067],[962.4085]
[1087.8107],[1109.1681]
[1046.969],[1001.6561]
[1353.6974],[1337.2753]
[1106.9274],[1177.5367]
[1226.0514],[1223.7639]
[1327.22],[1328.973]
[1121.2683],[1124.4479]
[830.75635],[820.5658]
[706.5997],[678.18225]
[1289.9243],[1280.8873]
[721.303],[708.21]
[1307.247],[1348.822]
[842.4003],[809.80396]
[1123.2887],[1068.2523]
[979.3903],[956.2452]
[1360.795],[1379.2819]
[790.5887],[799.9413]
[1135.8763],[1144.0018]
[849.9613],[881.0177]
[1050.8777],[1017.9695]
[804.37836],[841.4762]
[861.048],[815.39355]
[902.151],[898.26294]
[1181.5387],[1160.0831]
[1244.3313],[1408.6532]
[1081.368],[1096.636]
[1073.884],[1061.5963]
[950.489],[939.3595]
[1469.2783],[1424.1492]
[885.555],[885.5648]
[687.86664],[694.1567]
[800.87036],[784.38586]
[812.181],[862.1966]
[1189.5187],[1264.2041]
[1159.488],[1166.6422]
[966.346],[966.37476]
[845.16766],[893.3131]
[1202.105],[1189.6333]
[641.0313],[641.3562]
[964.0397],[983.4918]
[751.81067],[772.68536]
[852.6043],[863.5998]
[723.5157],[690.80505]
[994.44366],[947.624]
[1613.2317],[1433.2487]
[903.03564],[936.5965]
[858.05133],[856.55493]
[795.1253],[762.612]
[1005.671],[1019.3727]
[1094.1466],[1066.5345]
[694.017],[621.5206]
[1003.446],[1018.023]
[1037.4723],[1010.12573]
[801.63165],[802.4633]
[1008.72565],[1030.2269]
[849.723],[833.2683]
[904.4943],[1025.2778]
[1226.928],[1142.8037]
[1021.6327],[1023.5372]
[1375.699],[1403.8601]
[1368.588],[1427.1222]
[1142.1703],[1217.8844]
[951.89636],[921.3107]
[909.50964],[923.31934]
[1028.628],[1019.81287]
[721.089],[717.9684]
[1121.866],[1171.3298]
[870.2783],[916.0564]
[1097.0453],[1066.1708]
[1422.6387],[1537.5461]
[1232.891],[1328.894]
[1051.3744],[1070.1627]
[1285.143],[1406.1824]
[972.139],[969.382]
[1634.6063],[1553.4796]
[1003.3673],[1001.64795]
[814.052],[837.119]
[1228.1774],[1157.0807]
[924.4133],[949.7922]
[1052.584],[1130.5004]
[1003.19336],[1071.2756]
[1095.643],[1091.9222]
[1030.7793],[1023.2114]
[858.485],[836.37445]
[985.20734],[940.58997]
[1151.8553],[1142.9022]
[1034.7687],[1006.027]
[814.12634],[799.4641]
[1074.9617],[1146.1287]
[750.31866],[770.1119]
[749.74],[713.8747]
[891.198],[927.22833]
[1322.372],[1372.0154]
[769.0313],[706.7318]
[1118.8557],[1036.5792]
[1311.069],[1331.6364]
[956.31665],[958.43463]
[988.276],[965.9463]
[968.2573],[995.20856]
[882.618],[884.0414]
[735.05536],[767.17706]
[1260.2733],[1209.1777]
[753.7247],[764.8484]
[906.32965],[849.60675]
[901.4843],[921.81085]
[980.78033],[926.27576]
[1499.802],[1553.7067]
[1116.5397],[1084.3076]
[1055.734],[1006.448]
[735.011],[715.38806]
[1060.5364],[1020.4406]
[1045.0323],[1044.3711]
[1041.417],[1038.0333]
[742.37866],[748.29193]
[1417.7234],[1418.9379]
[1888.4276],[1553.3547]
[892.386],[934.6235]
[1114.4803],[1061.0201]
[986.028],[973.29224]
[881.049],[889.61]
[1950.922],[1553.6301]
[1007.34033],[1035.09]
[897.7217],[889.7893]
[782.58234],[783.49164]
[1134.488],[1164.6501]
[1211.077],[1229.082]
[778.8987],[809.37286]
[1244.7383],[1248.8536]
[1350.4177],[1388.8494]
[917.71765],[970.17664]
[1000.845],[1055.4297]
[763.29535],[792.8023]
[935.9843],[944.9183]
[1042.5863],[1061.4801]
[1057.6067],[1099.0232]
[1058.4437],[1043.841]
[1204.852],[1180.3259]
[697.8673],[672.5631]
[616.146],[615.1855]
[1200.2756],[1170.1366]
[779.9733],[765.8791]
[791.665],[811.0669]
[976.66064],[990.2514]
[769.66766],[780.6417]
[718.327],[733.22534]
[1142.313],[1171.8842]
[945.357],[1009.54395]
[1195.1454],[1176.1141]
[1002.87067],[1066.6141]
[1426.6593],[1393.5854]
[799.41833],[819.74493]
[1134.9763],[1090.1481]
[1219.592],[1476.7404]
[1411.8763],[1318.3962]
[1611.0977],[1552.6974]
[823.42535],[818.88635]
[731.559],[698.7354]
[1003.2963],[1054.2528]
[912.201],[958.72516]
[863.555],[959.6667]
[1007.47736],[1037.2626]
[765.6983],[750.0732]
[976.4973],[996.8127]
[1046.476],[1089.0255]
[715.6977],[738.63135]
[808.96936],[778.286]
[1167.518],[1190.095]
[1143.727],[1115.5796]
[1085.5033],[1108.359]
[958.239],[970.06244]
[1148.56],[1088.9854]
[863.8697],[831.2671]
[856.06134],[836.4001]
[1250.6296],[1140.2135]
[752.92065],[780.5208]
[796.5127],[828.3936]
[894.4373],[943.36145]
[710.717],[696.7627]
[1028.7897],[1093.7327]
[671.92065],[677.4644]
[994.3757],[990.9232]
[1213.2057],[1218.0513]
[1082.373],[1053.8376]
[1285.765],[1318.7632]
[760.9897],[719.6941]
[787.5413],[761.2666]
[982.996],[1065.3926]
[1256.1337],[1233.8005]
[1037.5237],[1010.5711]
[1015.82965],[1043.2509]
[695.59235],[734.5185]
[826.9],[802.0319]
[1432.8696],[1439.7014]
[1259.5607],[1359.9196]
[1173.8553],[1258.5747]
[1158.4944],[1076.9933]
[869.9923],[883.46]
[1108.1123],[1114.3109]
[1051.3347],[1001.75244]
[929.70935],[931.46106]
[1337.0786],[1381.1866]
[837.99866],[846.18835]
[922.272],[909.4304]
[823.82635],[800.9604]
[1398.326],[1407.5131]
[945.20465],[918.51074]
[754.06464],[749.3743]
[1056.5374],[1093.7822]
[776.443],[829.6587]
[898.065],[953.5697]
[1148.0083],[1078.0988]
[999.4977],[984.5864]
[794.86035],[797.7661]
[1082.0516],[1080.0851]
[923.428],[941.3332]
[892.646],[887.3941]
[1149.3763],[1137.2834]
[1478.162],[1397.2655]
[680.22833],[659.5035]
[1253.3444],[1342.2355]
[746.71564],[695.4504]
[1041.1537],[1035.5608]
[675.60236],[663.7686]
[949.993],[898.7238]
[1019.164],[1019.1705]
[1139.7957],[1135.2649]
[1357.4274],[1425.6843]
[1302.668],[1234.6073]
[950.96765],[932.58545]
[1291.0137],[1267.3693]
[1288.8917],[1200.095]
[1152.6533],[1134.3301]
[672.55365],[673.38574]
[899.742],[893.6727]
[687.1617],[682.56665]
[793.849],[799.9568]
[1196.9613],[1146.5562]
[898.8547],[945.4788]
[883.486],[857.2194]
[1042.936],[1076.0437]
[1209.073],[1172.3746]
[754.6173],[713.8152]
[1227.77],[1170.8187]
[706.157],[686.84424]
[913.81464],[869.0018]
[1010.867],[983.7346]
[851.76135],[917.18243]
[955.1067],[929.7913]
[1017.63965],[966.83624]
[1071.0593],[1082.2511]
[1217.1187],[1194.6805]
[1212.7754],[1187.5609]
[778.372],[799.25073]
[705.20435],[729.9805]
[937.929],[943.89124]
[850.52435],[838.8645]
[702.7183],[677.5456]
[701.73035],[655.4024]
[1053.09],[1008.5217]
[684.8677],[689.0979]
[953.9243],[971.1637]
[751.19336],[757.13495]
[1051.4807],[1047.7839]
[1137.8517],[1131.008]
[1165.6707],[1115.9572]
[1827.0524],[1553.1675]
[900.0073],[942.8209]
[880.3283],[945.6749]
[1330.4297],[1309.047]
[748.19934],[757.4795]
[1009.095],[1049.9137]
[1089.428],[1072.3405]
[1203.4753],[1119.6907]
[690.2833],[695.75726]
[1009.54034],[1004.4678]
[1174.7194],[1176.5144]
[729.1847],[766.7873]
[1034.6096],[1079.9518]
[827.60333],[807.9971]
[789.1533],[801.2622]
[674.25464],[650.6948]
[687.39264],[698.463]
[1191.5377],[1246.9976]
[897.0463],[977.28906]
[772.3873],[808.521]
[775.6877],[742.9639]
[795.866],[783.5222]
[925.7183],[954.2937]
[1028.079],[1123.9995]
[1007.87634],[979.8729]
[1031.3016],[1002.3787]
[775.934],[787.1434]
[961.54565],[947.60474]
[1282.6687],[1319.8599]
[833.1277],[845.206]
[1083.7537],[1030.9346]
[690.873],[700.28204]
[1921.9453],[1553.3074]
[644.3497],[651.7003]
[875.98566],[885.7866]
[778.466],[738.53143]
[1244.3507],[1188.2966]
[897.24567],[919.9626]
[783.7213],[837.7093]
[680.463],[716.58813]
[1165.5913],[1057.9268]
[966.835],[989.70447]
[1096.641],[1129.8198]
[1184.2234],[1149.9117]
[845.192],[941.38477]
[926.522],[986.9477]
[1161.8783],[1180.7219]
[1599.8217],[1548.9764]
[727.6043],[737.99786]
[1040.389],[1063.9647]
[701.0233],[697.5036]
[1123.69],[1095.0577]
[796.5547],[793.0128]
[891.48865],[813.58417]
[1662.451],[1553.4854]
[710.158],[742.4477]
[1023.55835],[1027.3501]
[914.815],[923.0746]
[906.8353],[924.42456]
[1046.2263],[1106.3832]
[878.92334],[948.5907]
[772.9637],[779.90967]
[1203.6624],[1210.6699]
[839.6793],[823.7219]
[882.66266],[890.0859]
[872.5317],[907.70764]
[1253.8453],[1196.6285]
[907.2213],[946.2566]
[755.38],[758.8003]
[695.09766],[686.0302]
[754.113],[764.1892]
[1053.3386],[1150.5016]
[759.7997],[767.9629]
[803.3353],[823.49066]
[830.14966],[873.0296]
[842.3953],[894.0194]
[1444.5793],[1427.2286]
[872.14],[876.81525]
[1082.5667],[1034.1224]
[1000.5833],[1031.5659]
[809.668],[845.923]
[983.2057],[974.3623]
[966.83264],[981.3256]
[1442.074],[1454.5568]
[750.0283],[773.54407]
[926.2757],[909.4055]
[816.0913],[788.77875]
[802.176],[778.3102]
[868.0283],[943.6134]
[901.239],[917.1588]
[1147.986],[1162.9233]
[1141.1023],[1178.5182]
[758.6537],[749.10474]
[1037.7987],[1071.7639]
[698.975],[695.20624]
[1200.9266],[1208.0322]
[725.98],[723.9091]
[884.66235],[919.1357]
[1250.17],[1138.757]
[1084.5293],[1119.6805]
[723.12634],[678.1287]
[1114.878],[1083.3148]
[910.3983],[969.30286]
[1436.5023],[1445.9087]
[1053.3344],[1049.0536]
[1277.5343],[1246.3737]
[725.208],[743.3378]
[654.42834],[695.84766]
[808.4477],[804.31177]
[868.7493],[881.52026]
[918.9473],[972.3361]
[962.89465],[983.8784]
[938.06067],[961.8483]
[1168.1793],[1184.2604]
[1138.8453],[1100.6215]
[819.1667],[795.1741]
[1040.2554],[1042.9827]
[1183.3867],[1187.433]
[950.268],[1035.6769]
[853.591],[871.9402]
[1873.12],[1553.4264]
[921.464],[912.1805]
[936.38],[1028.0054]
[1195.9626],[1173.4316]
[1123.1337],[1150.5562]
[1007.029],[980.97125]
[691.7163],[681.17737]
[812.756],[824.5393]
[754.9813],[729.05023]
[976.31665],[986.12976]
[964.00366],[960.4392]
[1140.167],[1103.9336]
[1087.2656],[1081.5305]
[1033.775],[1025.9368]
[796.94666],[825.14966]
[891.4247],[971.1962]
[1234.2026],[1546.2115]
[826.4927],[853.11426]
[776.27234],[782.3716]
[1154.0873],[1112.4451]
[1412.4757],[1450.9277]
[811.1563],[804.12244]
[1372.2833],[1320.9655]
[861.512],[898.8821]
[881.924],[868.9197]
[1331.6346],[1304.6001]
[1057.7134],[1030.136]
[626.161],[624.56256]
[1277.1664],[1284.9324]
[991.586],[1040.4484]
[796.4637],[812.83124]
[1298.6497],[1299.9873]
[1042.5647],[1071.7268]
[690.128],[674.53546]
[897.945],[944.6343]
[864.9613],[916.6821]
[920.72064],[973.84094]
[1520.5453],[1553.5396]
[1363.308],[1317.656]
[1223.3756],[1154.596]
[954.595],[966.0919]
[1118.7013],[1263.0013]
[893.765],[910.00684]
[823.2267],[875.8099]
[798.59534],[909.7317]
[1497.7837],[1467.7599]
[871.14636],[877.4051]
[1116.6196],[1072.6783]
[934.469],[929.1322]
[948.3027],[953.4616]
[780.548],[839.1444]
[1014.662],[1012.6727]
[855.23535],[869.95]
[1170.72],[1161.889]
[751.1327],[773.04926]
[904.80835],[905.9398]
[1420.4734],[1396.4924]
[737.73535],[714.95636]
[706.2033],[681.85565]
[1531.306],[1493.4767]
[728.2003],[724.4637]
[1267.9894],[1324.4176]
[1086.3567],[1055.4125]
[719.0527],[708.5524]
[964.568],[1014.4038]
[976.138],[1089.0612]
[915.18164],[914.1928]
[932.313],[935.7507]
[746.7757],[771.2295]
[1545.562],[1552.6472]
[878.7107],[897.3624]
[730.5187],[713.1392]
[968.9617],[973.48206]
[1236.0043],[1199.0784]
[659.573],[650.9442]
[838.347],[923.1449]
[798.0157],[758.4208]
[1028.5266],[998.7126]
[1109.7843],[1133.2991]
[902.682],[942.3246]
[768.65234],[780.81476]
[1040.7086],[1059.4489]
[751.169],[705.10156]
[877.00464],[898.2152]
[870.493],[936.74646]
[1066.3596],[993.1609]
[1310.441],[1345.1499]
[1268.2577],[1344.3715]
[940.24567],[996.7917]
[998.8357],[1029.0415]
[833.10034],[835.4388]
[983.65265],[1025.47]
[856.702],[873.22144]
[925.5807],[947.82666]
[969.61566],[957.44446]
[904.36865],[883.5792]
[790.8017],[761.5001]
[883.392],[924.04834]
[1315.1454],[1275.1248]
[1268.7246],[1290.1595]
[1374.38],[1374.5577]
[1005.6193],[1004.20953]
[1190.169],[1186.7202]
[1293.266],[1369.286]
[1244.172],[1311.4469]
[1080.4143],[1090.5348]
[1196.6443],[1181.5447]
[966.8047],[935.9232]
[701.4737],[708.71643]
[1003.2397],[1048.0426]
[798.1123],[770.0299]
[1477.8594],[1265.0406]
[845.5133],[828.00073]
[790.0333],[773.2033]
[758.37836],[755.66077]
[876.444],[909.9624]
[965.552],[975.21716]
[1238.2627],[1301.399]
[705.71],[687.82263]
[1128.98],[1144.8138]
[786.57935],[761.52747]
[747.5127],[795.9018]
[782.4293],[798.3587]
[736.247],[728.8553]
[854.71436],[859.0732]
[925.40466],[935.4518]
[842.664],[849.88666]
[751.78436],[783.798]
[1011.735],[997.6248]
[943.391],[956.94617]
[928.6277],[947.3757]
[745.54535],[715.1239]
[865.52136],[870.97284]
[866.26965],[858.57697]
[828.423],[858.86383]
[723.76764],[704.938]
[704.519],[696.1133]
[796.4407],[786.9101]
[849.13965],[845.3041]
[821.076],[833.4011]
[828.647],[824.66876]
[1054.4817],[1132.5698]
[993.85364],[986.7893]
[861.04236],[866.8771]
[975.2833],[1011.8958]
[981.0443],[967.759]
[1112.7656],[1077.2699]
[708.31134],[643.52905]
[1007.20935],[1028.9413]
[867.9473],[951.08014]
[1092.3284],[1050.6995]
[860.8437],[902.8367]
[785.80664],[798.00195]
[874.35333],[926.45056]
[794.99036],[799.37384]
[607.55334],[619.7005]
[1373.634],[1326.6532]
[715.75336],[695.26697]
[1219.3007],[1320.1097]
[1282.185],[1273.2896]
[856.32135],[837.4957]
[831.929],[818.58514]
[691.98364],[646.52765]
[1334.8494],[1312.7933]
[755.95764],[767.27966]
[903.373],[910.0687]
[1196.3787],[1181.9675]
[1318.2764],[1238.7465]
[885.95264],[853.8626]
[806.36365],[790.1515]
[1090.131],[1100.3671]
[700.166],[678.204]
[968.6253],[944.74243]
[800.4063],[876.93915]
[961.795],[987.21344]
[1040.658],[1023.8302]
[868.394],[926.63104]
[1139.5146],[1217.214]
[826.9587],[843.30646]
[1253.479],[1231.3518]
[1107.029],[1117.7546]
[845.409],[899.54755]
[690.0653],[674.95593]
[966.3757],[1034.264]
[678.8757],[628.15735]
[1318.9697],[1313.1843]
[752.389],[753.8181]
[860.4557],[881.5701]
[1129.2073],[1099.9491]
[1302.4443],[1289.432]
[941.208],[988.0431]
[714.18933],[671.87506]
[806.9087],[787.566]
[917.853],[930.5407]
[724.10864],[700.5221]
[732.087],[719.2813]
[1068.5996],[1089.4663]
[1510.6566],[1417.1241]
[773.8463],[733.18164]
[874.46466],[867.6092]
[1268.1523],[1213.5046]
[1131.766],[1098.0508]
[770.18164],[798.83044]
[1119.8063],[1147.479]
[1064.3457],[1072.8549]
[935.58],[901.5639]
[750.008],[815.4805]
[1293.1816],[1298.0782]
[819.52435],[829.7982]
[1135.9066],[1110.2362]
[993.0073],[1027.3262]
[896.94165],[936.85315]
[1371.947],[1426.9974]
[831.53033],[835.3914]
[1126.304],[1165.2181]
[775.98535],[798.13403]
[1098.9594],[1122.6051]
[947.6847],[932.04694]
[832.65265],[789.76105]
[996.7507],[980.95496]
[942.22766],[954.12244]
[926.20764],[943.0677]
[829.4327],[828.726]
[1150.364],[1156.2063]
[841.9503],[859.372]
[1200.1454],[1207.7283]
[1207.934],[1216.1201]
[968.14966],[999.45325]
[807.87933],[815.2197]
[843.6433],[818.9277]
[670.94366],[675.17926]
[921.621],[915.4896]
[950.702],[1078.902]
[1072.8767],[1063.9952]
[887.8753],[896.11523]
[1005.0133],[952.1077]
[692.383],[678.49963]
[1180.09],[1168.8059]
[1376.8397],[1308.1167]
[1242.5283],[1227.4989]
[1156.4237],[1141.2942]
[1468.3777],[1532.765]
[859.57935],[875.1057]
[935.08136],[951.97107]
[1113.297],[1083.0425]
[1082.048],[1084.2338]
[1084.923],[1089.4188]
[873.931],[949.9495]
[1221.8636],[1294.3796]
[974.9813],[1020.4896]
[1045.6367],[1053.9272]
[904.4533],[887.47424]
[1202.0443],[1207.294]
[1114.5753],[1087.494]
[822.632],[816.2312]
[741.2],[760.17523]
[665.5313],[662.99316]
[992.03],[996.2948]
[715.779],[736.75323]
[1118.3184],[1132.3735]
[956.8593],[955.4936]
[1101.6666],[1067.9395]
[1067.8253],[1064.236]
[1047.1533],[1108.0946]
[1464.703],[1551.996]
[681.0593],[646.5832]
[1096.8917],[1038.3121]
[1419.588],[1416.9294]
[1148.279],[1149.695]
[847.3823],[874.0221]
[1090.4083],[1029.421]
[777.8157],[792.7421]
[784.6743],[777.40265]
[1035.8444],[1015.2418]
[751.923],[795.32465]
[813.8777],[801.26807]
[1145.5853],[886.9411]
[837.83435],[819.2425]
[1683.8457],[1553.5132]
[1038.6273],[1070.2769]
[873.72235],[885.63434]
[926.624],[948.7901]
[799.79767],[805.6923]
[1433.1343],[1375.9156]
[841.79333],[851.83875]
[1162.1587],[1170.4656]
[1043.6937],[1012.35803]
[926.131],[918.85974]
[1084.1007],[1140.136]
[1149.375],[1176.5258]
[1179.363],[1140.2491]
[1193.9553],[1238.8137]
[987.23],[962.57416]
[821.76636],[766.53815]
[723.0447],[691.0082]
[884.45233],[960.8873]
[796.5003],[787.04846]
[917.16565],[909.43585]
[802.02936],[795.25757]
[750.56635],[716.6191]
[900.556],[908.98944]
[1120.6053],[1110.4204]
[1114.076],[1131.5139]
[742.3357],[759.5115]
[1033.9744],[1029.8923]
[1392.1177],[1424.4773]
[1260.298],[1168.2303]
[903.93],[936.18616]
[857.4003],[865.9642]
[745.0237],[765.1704]
[794.928],[819.662]
[955.80835],[901.1815]
[897.9897],[941.11884]
[880.23065],[863.56635]
[925.597],[932.87036]
[1305.878],[1380.6536]
[704.38434],[690.68585]
[979.1383],[1023.61694]
[965.8207],[999.59454]
[1416.239],[1426.3701]
[671.39435],[693.5251]
[975.208],[934.14044]
[1016.604],[1082.5123]
[997.9797],[974.9533]
[634.4483],[656.9302]
[1127.7504],[1139.2457]
[986.0103],[998.5291]
[1375.6177],[1460.9631]
[1021.767],[1057.1041]
[810.8223],[796.41156]
[1315.396],[1286.0403]
[1003.45636],[1015.5077]
[1114.9584],[1106.9913]
[1138.6173],[1105.384]
[701.382],[685.5894]
[1088.6464],[1042.3956]
[761.902],[765.2102]
[1023.54865],[1041.1754]
[766.08936],[749.8409]
[760.57434],[751.4654]
[1021.3567],[1011.4585]
[830.70935],[860.94635]
[868.35236],[876.2808]
[1020.5237],[969.1575]
[1528.3344],[1548.7485]
[1309.0054],[1199.5222]
[1036.6614],[965.93475]
[988.3853],[982.32135]
[956.64233],[953.0216]
[740.07666],[718.25165]
[1187.6937],[1165.9493]
[1285.889],[1260.9316]
[704.675],[694.4693]
[1218.9543],[1208.4963]
[949.803],[1002.90717]
[1789.6053],[1553.5135]
[993.46234],[1022.27686]
[1032.7664],[1017.02405]
[943.91235],[960.8331]
[936.29736],[969.2862]
[1366.6674],[1306.4899]
[1267.6306],[1258.7485]
[926.12836],[956.74225]
[750.14233],[726.95984]
[1448.902],[1380.8191]
[882.8517],[883.46155]
[898.708],[922.5158]
[768.7033],[792.51575]
[1115.8873],[1110.8792]
[1196.0353],[1203.6407]
[1033.1086],[1054.7804]
[1202.427],[1212.269]
[656.3433],[659.128]
[1106.207],[1041.576]
[1190.4],[1243.9482]
[1111.7227],[1098.6934]
[1072.0497],[1103.9034]
[1230.834],[1142.1812]
[1127.0083],[1078.8015]
[1327.062],[1315.3973]
[1248.2997],[1234.9735]
[1119.7017],[1096.047]
[709.9583],[735.4843]
[1089.6073],[1091.5186]
[914.2883],[1008.6347]
[868.731],[918.10657]
[962.2427],[974.7085]
[700.437],[693.1133]
[980.7443],[1002.0011]
[1336.7147],[1349.0256]
[861.90466],[844.5749]
[691.1047],[699.9539]
[841.5103],[904.104]
[1192.0067],[1167.9312]
[1076.8477],[1053.3328]
[713.331],[676.1487]
[1314.9424],[1379.4215]
[786.67236],[757.4723]
[1197.4407],[1166.5735]
[1008.054],[1009.5228]
[1222.2833],[1217.6292]
[1010.915],[1094.0916]
[908.13],[915.38385]
[723.705],[677.62366]
[1312.4697],[1339.8593]
[912.298],[905.56213]
[934.9793],[971.07513]
[1185.512],[1284.056]
[1229.8523],[1201.0902]
[768.239],[788.1911]
[723.379],[717.2029]
[1278.8103],[1342.3607]
[850.5853],[842.36664]
[802.209],[801.575]
[914.2363],[907.65094]
[846.148],[856.7938]
[789.22],[810.57965]
[1041.514],[1055.4679]
[1078.6267],[1150.9542]
[815.06036],[813.8356]
[867.967],[925.20386]
[854.87866],[929.53064]
[1047.2494],[1071.7524]
[848.66534],[868.8697]
[901.43164],[953.7801]
[670.5363],[663.87665]
[587.6483],[611.7535]
[1424.2126],[1552.8689]
[697.219],[685.3845]
[1319.8723],[1347.1421]
[821.74164],[912.2564]
[1009.07764],[1009.8055]
[866.56366],[873.853]
[870.28467],[846.07324]
[887.34467],[882.61444]
[970.492],[1012.6101]
[1019.63965],[1081.7008]
[989.953],[1021.37634]
[1071.9224],[1092.3572]
[825.39],[901.1672]
[1339.3376],[1297.4283]
[1070.1837],[1017.7114]
[1041.1406],[1070.857]
[1183.1674],[1190.4817]
[1357.6327],[1413.503]
[994.937],[1025.1041]
[1219.0667],[1214.934]
[1030.3864],[1002.62085]
[865.44366],[891.21136]
[814.14],[821.45337]
[1182.3623],[1123.2753]
[999.943],[1000.5237]
[1177.3407],[1219.8093]
[1085.2417],[1130.6754]
[854.082],[859.5749]
[1074.482],[1080.7573]
[1345.1837],[1341.2253]
[878.9897],[1006.4753]
[1054.9524],[1014.81525]
[1286.9083],[1326.5792]
[978.87335],[1017.54364]
[835.857],[809.98486]
[1054.0406],[1050.5652]
[1377.4973],[1501.7827]
[806.0023],[849.3158]
[766.8493],[761.6911]
[1177.5393],[1213.6248]
[698.44666],[702.0919]
[894.10034],[912.57635]
[943.7473],[923.3471]
[1140.2797],[1105.1746]
[1403.464],[1452.3564]
[1106.6813],[1132.7007]
[886.74066],[990.7289]
[1036.9673],[989.6044]
[1523.492],[1484.964]
[989.401],[976.93805]
[1299.1254],[1253.934]
[852.79266],[929.8394]
[1366.841],[1488.8612]
[645.6407],[624.8603]
[742.7233],[779.30615]
[1175.8334],[1170.1072]
[1232.3074],[1230.385]
[904.13],[929.57715]
[952.39264],[972.4884]
[1203.8947],[1202.0477]
[816.54236],[815.19977]
[1291.054],[1321.1167]
[1213.2267],[1300.0747]
[657.378],[690.4272]
[887.2317],[1009.08795]
[954.891],[903.85254]
[658.12036],[648.99457]
[947.225],[911.2404]
[1021.957],[981.0126]
[880.4373],[897.4872]
[1163.172],[1127.7915]
[1436.475],[1512.1664]
[1119.6356],[1149.3043]
[800.6537],[807.7952]
[1092.3544],[1120.2362]
[975.967],[936.78705]
[1342.125],[1326.9121]
